payment_id,order_id,amount_paid,currency,payment_date
bb43e172-f24b-4589-83e2-e05a4632827d,ORD1000,147.58,usd,2024-07-08
b592131e-7c66-4584-80c7-2f5036f70d6f,ORD1002,140.02,USD,2024-07-14
7135be07-c915-4d63-8276-7a9ec405b665,ORD1005,117.72,USD,2024-01-19
da0db0e8-769f-484b-b26b-a2ad2703eec6,ORD1006,24.05,Usd,2024-08-31
b8ea6d44-366b-4b70-b8a0-db5ab6728533,ORD1007,132.51,usd,2024-07-17
af91c3ac-3428-42d8-861b-a8e806be3e56,ORD1008,152.13,Usd,2024-09-08
c80f9f6f-88bd-4a55-8f1a-36dc7c815fcc,ORD1009,75.58,Usd,2024-08-20
9871207e-224d-426a-8d4c-ed39622196ad,ORD1010,180.73,usd,2024-10-01
045f0e2e-754e-4545-a76c-aa1cd17e2f6f,ORD1011,52.53,usd,2024-03-30
ec847a5d-e2f1-4758-ad68-2270597e2ab2,ORD1012,83.81,usd,2024-03-23
283fb392-ee28-4a38-b05c-ebc58a9fcc4f,ORD1013,13.98,usd,2024-03-14
eb01a173-02a7-47fb-8112-a7e9eb980801,ORD1015,177.16,USD,2024-07-24
f3184d88-46d0-4e62-a917-7efaec7b74e2,ORD1016,129.03,USD,2024-07-26
c454ec95-9f77-4132-847b-4713eb5f26a5,ORD1017,89.37,Usd,2024-08-19
4f3d303a-f55d-4694-9160-ef0b41c84923,ORD1018,83.8,usd,2024-06-21
18de60ba-e477-43d4-82b2-14699f4b78e1,ORD1019,85.79,Usd,2024-09-28
38a976c3-7cc1-41ae-a22d-fe48fe9243e1,ORD1020,51.22,USD,2024-10-18
b2306544-e91d-4262-b055-422ced8c84cd,ORD1021,175.99,Usd,2024-07-05
d7d1a48e-7888-41d7-9d63-7e2d7a5f50e6,ORD1022,114.16,usd,2024-07-10
5ddd4575-787b-4a9e-96bb-ab3124ffefce,ORD1023,50.57,USD,2024-08-28
56e56094-c416-4317-bad1-6b18c8e4d7d2,ORD1024,133.93,usd,2024-07-30
fc0b3b9f-68b1-4865-8be7-93c721aa2f76,ORD1026,114.82,USD,2024-07-15
c6de05d5-3403-4628-9aa4-e6c81ede92eb,ORD1027,92.04,usd,2024-01-13
4d646c0f-9d43-4417-bdb1-fb75c846716d,ORD1028,83.33,Usd,2024-03-29
605dd537-9694-40de-a529-8881d4d18307,ORD1029,151.73,Usd,2024-03-20
2a55b817-c81b-46c3-a84c-afb6babda484,ORD1030,119.26,USD,2024-03-18
67b94338-0c6b-40b8-b5d5-28f5ef8e69ab,ORD1031,99.03,Usd,2024-03-07
2db9ad52-0b4e-4ffe-9cbf-7af170cd91c2,ORD1032,102.47,Usd,2024-09-28
95ffb3ed-5917-4a52-a9fd-36e64b99eaac,ORD1033,176.42,Usd,2024-02-19
2211530d-ac99-47ea-ad7a-7d97c302a50b,ORD1034,26.29,USD,2024-01-28
e8201766-b5a9-4e9b-ab47-cdd59c2689be,ORD1035,27.09,usd,2024-04-13
75085a95-2980-4a2b-b985-e8415de9f174,ORD1036,192.01,usd,2024-02-03
4e60b897-4a59-4c8a-9a34-7c9a317adb01,ORD1037,182.76,Usd,2024-08-16
8b4023ba-bd3c-4487-abea-649b7cc60ff6,ORD1038,143.68,usd,2024-06-04
468dd57b-e6b9-4c61-9990-fb6db8a310f7,ORD1039,116.76,USD,2024-03-24
8b34a550-7302-4cd8-8983-3683f4621f6e,ORD1040,111.14,Usd,2024-07-28
a8e3c962-2f7c-41ff-9fba-28e2451bdc29,ORD1041,114.94,usd,2024-05-23
80ba2a3f-a365-4692-9954-80039dd610ad,ORD1042,181.69,USD,2024-03-16
5f42f7c2-6cd8-4fdf-b4fa-56e0276cf100,ORD1043,28.44,USD,2024-03-10
7c99e5c3-9ca9-4a66-8958-b17fa1440b33,ORD1044,99.83,usd,2024-03-28
ed15426a-ad78-4281-91b4-da2788658d1a,ORD1045,121.37,usd,2024-08-13
dd59f4f0-a0d7-4e9c-8c4e-4f722bae5948,ORD1046,44.55,USD,2024-09-08
3fbb4cff-6cc1-408e-be2b-6c9886827b65,ORD1047,117.69,usd,2024-02-13
1f8dd294-a5d3-40b5-992e-87a861e38551,ORD1048,23.09,USD,2024-06-02
f458ac26-aa35-4b71-a42b-0d58e16bc83c,ORD1049,184.19,USD,2024-04-10
1d62e4bb-9bfb-49cf-820c-2b92f3115e36,ORD1050,70.93,Usd,2024-02-12
48e33096-7f1b-4cb6-8893-1a74d22352ab,ORD1051,196.88,usd,2024-01-09
7b1aace5-630d-4d4c-b449-8ee04532711f,ORD1052,122.16,USD,2024-07-05
15d7f2e5-5862-4a3b-85f2-d4e4ef395521,ORD1053,46.48,usd,2024-09-23
70cd4bbe-fe34-4690-b9bd-0a6e62d21bfe,ORD1054,14.45,usd,2024-03-26
7207edfb-419d-480d-9b1e-410817fe1da3,ORD1056,68.26,usd,2024-08-09
d1c1a3ce-71ac-464e-8dd7-55d7c65f7eb7,ORD1057,61.84,Usd,2024-08-22
2f0ce589-9be4-4cc7-8025-af3d225d382f,ORD1058,73.25,USD,2024-03-07
a08e0fc6-e9c9-406a-ba02-d22f79a4363d,ORD1059,186.04,USD,2024-10-20
b0f950c4-1d01-4d27-8abd-91ae67931e91,ORD1061,181.86,usd,2024-07-17
dc988c52-2201-4668-a2c7-32893fd8d68c,ORD1063,142.4,usd,2024-07-06
fa74687e-2263-4d13-8e04-c5e2fa0e6fb1,ORD1064,172.19,usd,2024-07-27
0a309ca6-8af3-41dc-8b58-b518439d04db,ORD1065,35.14,usd,2024-05-13
a9224858-1808-4870-be4f-29feef93c086,ORD1066,102.88,usd,2024-02-12
902dd899-00d4-40af-b40f-50aab99f137b,ORD1067,184.57,USD,2024-06-12
cace776c-64dc-425f-8f53-6d1c7db96422,ORD1068,180.21,USD,2024-03-06
ac65738e-4aa1-492e-b600-b51b2cdd86a3,ORD1069,30.34,USD,2024-03-31
14148cd7-df9d-414f-8a1e-7e47f24e3115,ORD1070,39.26,USD,2024-02-14
77e43ebb-2d67-467c-8aee-d41def0ae76e,ORD1071,11.83,USD,2024-06-23
6345c47a-a350-4ca9-9d26-118c00a31384,ORD1072,127.32,USD,2024-10-25
eff0ed57-b8e7-46c3-8973-c66f316256f4,ORD1073,175.56,usd,2024-06-18
363ef134-85f9-43f0-b840-7196c1c736f3,ORD1074,30.11,USD,2024-01-29
efdfb2df-db0b-4d38-a63b-f20e25daff08,ORD1075,47.91,Usd,2024-02-11
a25ddc71-400c-42dc-bb26-c84c5de9e299,ORD1076,146.47,USD,2024-01-02
f9d17d40-2f3c-446e-9d1d-a56a0210bbf6,ORD1077,140.26,USD,2024-01-26
b4b8aa66-8079-4673-b44c-356b6fab78d3,ORD1078,83.51,Usd,2024-09-28
d389dfee-42ff-4ee7-8a7f-32debb45b7b9,ORD1079,165.33,Usd,2024-09-10
0d3dab7f-87b3-4c1f-af36-6c3f94495bf9,ORD1080,45.35,usd,2024-02-01
3a31c53d-c38a-4fe4-8c81-048f772036f5,ORD1081,106.44,USD,2024-03-31
0b64af38-44bb-4e7e-8e08-02fabaf5ba05,ORD1082,60.02,Usd,2024-10-21
185665dc-8cfa-48ff-a8d8-691c1512fc01,ORD1083,142.99,Usd,2024-02-08
de1c282d-1d40-46c9-8775-280cac85f3fd,ORD1084,171.24,USD,2024-03-24
b3dcd7c0-1a4c-42a8-971d-b12a1e2280bb,ORD1085,168.85,usd,2024-07-30
f57da40a-8eb5-42d3-885e-d5c3d6214284,ORD1086,64.23,usd,2024-05-08
0c1df6f7-b08d-4dfa-8c1b-5ca9a0d68761,ORD1087,149.73,Usd,2024-01-04
57950303-d2a1-43d3-9353-5ab97796ce4b,ORD1088,193.95,usd,2024-05-24
1e39a1ce-0a28-4872-ac91-258c89ea9e67,ORD1089,22.28,USD,2024-09-09
4b056267-8042-4149-b4bd-aea8267216e9,ORD1090,149.25,Usd,2024-08-08
32a3bbee-f6a8-4c88-ba9d-4280f46a10e2,ORD1092,146.06,USD,2024-02-15
389e4049-fa23-45b6-a987-8656f1b8e6f0,ORD1093,156.56,usd,2024-02-03
d093ebd9-2534-487d-a41d-171555f79519,ORD1094,148.16,usd,2024-08-18
a1e1ba0f-e7c4-4867-b0aa-9c6e5ec7888f,ORD1095,164.08,usd,2024-09-12
d0506665-12fb-4632-9dcf-9779effba810,ORD1096,102.93,Usd,2024-04-07
062bf3fa-ef9e-423e-9028-82dd0bbd6e14,ORD1097,42.41,Usd,2024-06-29
143fde70-b85b-4406-b96f-d5a5c8f14517,ORD1098,177.2,usd,2024-07-25
6cc8c4e0-f7d7-499e-9359-2cc262037e8b,ORD1099,180.83,usd,2024-03-19
6192082b-6f04-430f-ad8d-31d6b7a513d7,ORD1100,152.6,usd,2024-01-13
7847c158-97fd-4c3d-936a-812c6f9e4886,ORD1101,159.77,usd,2024-03-17
60f5ca60-5645-4bf3-9114-6b55333cad65,ORD1102,12.65,Usd,2024-03-29
ed0ea984-ef91-432f-a3c8-194940e935ad,ORD1103,189.75,USD,2024-02-18
2a243b09-f027-49ba-a444-df7f9e671910,ORD1105,61.47,USD,2024-01-12
7f2da704-6bf1-41fa-9629-1466a9f573a9,ORD1106,40.08,Usd,2024-05-22
80317669-74a5-465e-ba0a-587025370173,ORD1107,102.44,Usd,2024-09-12
51be6335-89e9-40a9-953f-acbd4c2c7197,ORD1108,189.99,USD,2024-09-06
5e4ac159-3a17-487e-a742-a56f89f54349,ORD1109,21.35,USD,2024-02-04
3f4ee172-5c8c-4b38-9e7a-3ecfe0691727,ORD1110,144.14,Usd,2024-05-28
349ba1d3-22ae-4ec7-be2e-9a87ab38a015,ORD1111,108.56,usd,2024-04-20
25486114-4d4a-40e3-8425-4fec56d29b11,ORD1112,12.46,usd,2024-03-22
814d7946-b556-451f-b261-83611bd6372c,ORD1113,69.02,Usd,2024-08-07
2fd81f50-8b27-47a1-9c93-fe194d25e9ce,ORD1114,123.83,Usd,2024-05-24
9790671d-4710-4a66-8647-1d74a4b16bfc,ORD1115,80.94,Usd,2024-03-06
231c2a31-3fea-407c-a6c7-d89902c92c12,ORD1116,194.38,USD,2024-01-10
d9dd94b5-90b9-4530-ae5b-75e7b2f1cbea,ORD1117,89.23,USD,2024-06-16
721c7977-915d-4d11-9536-275bea331d7f,ORD1118,182.93,usd,2024-08-31
7ed79af5-0c08-4405-929e-f436721da235,ORD1119,115.45,Usd,2024-06-18
287618c8-215f-4605-b3f2-3c01808778b8,ORD1120,181.35,usd,2024-10-20
8ac2818a-d7fb-4848-aec1-4a3cf4e0a66b,ORD1121,53.5,Usd,2024-05-01
b0daed4d-8b66-4cec-b494-4fd6b4d4e5c5,ORD1122,57.33,Usd,2024-08-28
a6a4fc45-1515-44d8-9e2f-07d80521967e,ORD1123,69.56,USD,2024-07-15
15b0a6dc-b0ca-4b71-aa9a-6ce9ed291421,ORD1124,128.49,USD,2024-09-27
2cb0c18b-b0ee-4b78-9cd0-d8457c954d3b,ORD1125,124.49,Usd,2024-05-16
9c19c181-f2ef-4b40-a59c-461ed1530de0,ORD1127,46.7,usd,2024-03-14
bf122d77-92f5-4e18-b564-17a28851d984,ORD1128,157.77,usd,2024-05-06
f5b926b9-b74a-48db-8dce-8d09f9f8d4ce,ORD1129,10.58,usd,2024-09-04
931ae3fc-ddd0-4cb8-84fc-95c1602839bb,ORD1130,158.9,usd,2024-09-05
e3176d74-bee0-4cd1-8d82-35494db94bec,ORD1131,124.91,Usd,2024-04-12
f474ef9f-e69f-4712-94d3-45a1060e921c,ORD1132,132.71,Usd,2024-03-02
a5c58276-bf14-4b73-9192-dddf03760e43,ORD1133,21.51,USD,2024-09-25
af714f87-5b75-4357-9219-777fa58ac04f,ORD1134,63.67,usd,2024-08-04
217cae28-a6b4-43f0-a584-b04f2e62e5e3,ORD1135,172.01,usd,2024-05-13
d4ac8a6c-72bd-4d17-b881-5d4970278c4c,ORD1136,66.26,USD,2024-08-03
b781d8d5-6f53-4ccf-a498-996816697f1b,ORD1138,182.86,USD,2024-08-16
4cd86a0f-c3d6-4ac6-b79a-0c6565ef9849,ORD1139,115.5,Usd,2024-08-15
ae1da218-218b-4463-9640-52ff71702b9e,ORD1140,30.47,usd,2024-08-21
82659cdc-7928-49ee-ac83-737c3e0a81af,ORD1141,144.2,usd,2024-05-25
a3afd147-4312-4e67-8afe-8a2b52d64263,ORD1142,34.42,USD,2024-03-04
b98f7ce2-f838-44f9-b673-d04be1867694,ORD1144,100.65,USD,2024-06-10
f5d73407-259f-4ef7-9e78-a6308cd888ee,ORD1145,81.26,USD,2024-08-10
6e0830f9-1cee-4ace-9977-0c68185723c1,ORD1146,85.15,usd,2024-01-18
0fda4d7a-4ce1-430d-98be-40d505edfcfb,ORD1147,71.56,Usd,2024-01-21
b380f526-4760-4bde-a7fe-e94732d18ba6,ORD1148,20.61,Usd,2024-03-08
e7e4feaa-e75c-43db-a430-9f14a209f48e,ORD1149,186.12,USD,2024-03-18
5bb8e9d3-4749-42ab-9ab0-5bd9e19c17a7,ORD1150,41.04,Usd,2024-04-30
4a5abfef-aa81-442b-806a-2b8ba84d0433,ORD1152,77.85,USD,2024-07-30
6121ffda-08d4-47f9-b1b0-1c3358af8069,ORD1153,23.22,usd,2024-10-06
5a58c852-1b4d-423c-b31a-49f179e2ee6f,ORD1155,160.05,Usd,2024-03-20
c6298938-9901-43a7-b08e-ac7a6b83bb0c,ORD1156,27.0,USD,2024-08-17
a1bc6879-3081-4ef0-8e21-8291ba046ab8,ORD1157,154.93,usd,2024-04-26
97a1ca31-49b6-4176-914d-a8a286147bee,ORD1158,132.5,Usd,2024-01-13
b6978eb9-c8ca-4edb-88d5-ef5f3e3fdee2,ORD1160,52.85,USD,2024-01-22
3f4fa297-eb96-47b7-b3cb-e3134cd48853,ORD1161,54.21,USD,2024-03-11
45218512-042a-4e83-80fe-c53eca931168,ORD1162,71.36,Usd,2024-07-21
14dd80ea-0398-4ec0-9719-faa7c626cb11,ORD1164,103.52,Usd,2024-07-31
32f35557-5879-4d25-952f-4dff6683c94e,ORD1165,17.62,Usd,2024-01-19
5ce9337b-6588-4516-bcb4-aae37e098f8d,ORD1166,120.72,USD,2024-06-27
46405895-1e6e-410a-8a59-31103dcabdf2,ORD1167,120.5,usd,2024-09-17
9e697637-5739-43bc-b6c1-0ddc7d731a8a,ORD1168,41.19,USD,2024-03-18
50a004f3-7478-47de-8310-3d3d119c0590,ORD1169,183.89,Usd,2024-05-24
20ea90bb-6a24-49fc-a294-eeb4806745c3,ORD1170,81.12,usd,2024-03-22
33abd8aa-5ce3-4413-b667-9f9e48ec3a57,ORD1171,153.29,usd,2024-06-20
d0604094-c776-4d7c-8f11-2320c7e1008e,ORD1172,180.61,usd,2024-03-02
f4eea6ef-0abe-4e7c-974b-6e2db47be970,ORD1173,95.81,usd,2024-09-19
e61b29ef-99d6-4e20-ad38-775bde1c346f,ORD1174,48.87,USD,2024-01-22
7daa23cc-0c69-4e4a-8ee0-de8e25487cd6,ORD1175,30.28,USD,2024-04-12
ce245fc7-faa9-4850-a01b-a508f8705f6b,ORD1176,149.78,usd,2024-04-19
05436d22-0872-427f-ad93-50dbf64d8c53,ORD1177,165.39,usd,2024-08-25
ef4f353c-56bd-4064-aa45-749023eaa1b9,ORD1179,117.7,usd,2024-04-21
f0e2feca-a8ab-422c-b697-1bf3c4067be9,ORD1180,68.88,USD,2024-04-02
6ac0bc7e-0bfb-4ef0-bffa-c1446d1395d9,ORD1181,49.21,Usd,2024-07-17
0127208c-12f3-48eb-bad9-5e23e43b9215,ORD1182,97.0,usd,2024-03-25
b2d85d70-f84b-465c-bfa1-25153fc861f1,ORD1183,101.23,Usd,2024-05-26
e72a61e0-afd0-4273-abe7-e4ee5df4d885,ORD1184,136.73,USD,2024-02-09
c6e5a55d-502f-428e-9bd8-4f8da2f21ad7,ORD1185,178.04,USD,2024-01-26
19b55c24-861f-4b9a-b54b-57c67cbfc93c,ORD1186,189.89,USD,2024-06-04
b0543682-da6d-4c69-bca3-2ee31728fd7f,ORD1187,148.46,USD,2024-02-19
fdd5060e-f617-44d3-93e1-c844036ee4a8,ORD1189,46.25,usd,2024-07-09
10575969-79f9-4a81-9763-77bff96a7337,ORD1191,14.25,USD,2024-03-02
9cc628d2-c849-49c8-b846-86d4849625f5,ORD1192,59.92,USD,2024-03-02
c56f84fa-292b-4829-8a7a-3837e4271065,ORD1193,151.41,Usd,2024-01-16
028cd062-9101-4787-bd11-821266c537f9,ORD1194,187.09,USD,2024-01-08
4c95cde8-6098-4f39-8be7-ddb086c3b00c,ORD1195,147.71,usd,2024-10-23
f4e13334-1069-40f6-b03f-a24aa2b56785,ORD1196,61.9,USD,2024-10-15
cd536a2c-0cb7-4192-a927-7d0dcc03757f,ORD1197,148.97,USD,2024-04-20
f5579a3c-fa4c-4be9-b0b3-aa44523ec123,ORD1199,15.68,usd,2024-08-09
119e1a93-a720-48e4-9d7c-c38ae4f1cb82,ORD1200,88.36,USD,2024-10-22
b64e2e3d-3b6d-4410-9eec-f905ffc5ec2d,ORD1201,134.76,usd,2024-05-24
5f70bebd-ff0e-4075-9438-4c71403c5ffa,ORD1202,48.51,usd,2024-01-13
c401d139-e81f-4dab-9058-5cff255380fd,ORD1203,193.01,USD,2024-04-30
6ecea36d-aa78-41b5-b5e8-80fe05286a6b,ORD1204,163.97,Usd,2024-01-23
ab31072b-01fb-468e-bfba-8e16684aa19d,ORD1205,168.72,usd,2024-10-13
5241156f-e7b8-48bc-b1e4-771e81d29176,ORD1206,102.82,USD,2024-01-25
c9cc436b-6ea9-4d91-8be0-20e4e20e2714,ORD1207,26.8,usd,2024-08-21
16d6552f-f15e-43d0-a41d-4208e30c5347,ORD1208,113.47,usd,2024-07-09
47cd76c1-1c5b-4499-851b-d9bf2f26ded5,ORD1209,112.75,usd,2024-06-26
2e7671af-f5a8-4964-942b-577eb89875b1,ORD1210,120.24,usd,2024-08-27
918e0011-bbdd-46a9-90fb-caec23953c14,ORD1211,155.79,USD,2024-09-10
ecbf234a-b845-4613-aedc-df8ea29fc4ec,ORD1212,87.49,usd,2024-02-14
8c5e90f7-ba9a-4704-82f4-afab523f4ff8,ORD1213,178.11,usd,2024-07-02
21744f30-6227-4e92-8d1b-ebe6c96027a2,ORD1214,95.65,Usd,2024-03-25
7538af16-8072-4ee1-9ea2-cbac26bdf1fc,ORD1215,75.26,Usd,2024-03-15
1a70f2d6-0d9a-4f64-b041-9074f3f616b8,ORD1216,112.64,Usd,2024-03-22
4fcd82f5-eee8-497f-bc07-03e25487af92,ORD1217,119.0,USD,2024-07-21
59ee5efc-84bd-47b8-ad01-59f28728afc4,ORD1219,31.26,Usd,2024-10-05
04d83692-13ef-4cc8-a791-d915134f4183,ORD1221,10.77,Usd,2024-03-25
4ecf7d22-a980-4844-99da-d806997ea777,ORD1222,139.96,usd,2024-09-07
7944978c-273e-47c7-821e-7b2bed94393d,ORD1223,149.05,usd,2024-10-07
0192d59a-b069-437e-9e26-9df1a5c5b5d3,ORD1224,109.39,usd,2024-04-22
8451d378-54c7-40a2-a2a7-88434093a2a4,ORD1225,152.47,Usd,2024-02-24
8b56a3b3-c8c3-42f2-91d5-d0fb748e655b,ORD1226,132.34,USD,2024-04-06
90bd70ad-23b2-42f9-9cf4-ea836c6cfab6,ORD1227,179.7,Usd,2024-02-25
ae71a2bd-803b-462a-9a64-146cb87621a0,ORD1228,184.01,Usd,2024-06-05
fa77638d-1316-44b9-a883-97a853c2d319,ORD1229,87.16,USD,2024-10-04
e0618992-49f5-4d27-bc9b-1de5d952a603,ORD1230,190.79,USD,2024-01-13
51d6c1e1-6402-4a41-9994-c088866b7625,ORD1232,49.35,Usd,2024-02-06
25a44700-f54e-473a-9692-6668ca55a5b2,ORD1234,32.6,usd,2024-07-25
ff7e278e-126f-4bae-a7f7-a67b12659601,ORD1236,75.2,usd,2024-04-16
8b3a77a1-4257-4126-9dd1-c32b1a8a0db9,ORD1237,127.66,usd,2024-01-22
55b8561e-0ebd-41db-9b00-c52da1ec8627,ORD1238,195.63,usd,2024-06-12
22b87b3e-0f0b-4aca-81d0-a85e33be7d77,ORD1239,58.6,usd,2024-07-15
28977166-2c1e-4e66-a603-d7256e8ecdc0,ORD1240,156.26,usd,2024-10-27
c8206a90-bff2-4993-9e67-6e0409cadc99,ORD1241,76.7,Usd,2024-09-08
3aabc9e9-6d21-4560-b1cd-273deb8ffdc0,ORD1242,82.19,usd,2024-02-14
86a93ae3-8306-4538-9071-503c104ac269,ORD1243,113.31,USD,2024-05-05
f50030fe-df13-4942-85cc-52a5afe04b99,ORD1244,145.97,USD,2024-08-20
e664829b-84cf-47a9-a82c-609682295c0f,ORD1245,74.1,Usd,2024-08-28
16be7fab-4a38-42d5-9f7e-14af26c8ed2a,ORD1247,157.66,usd,2024-04-20
1edbca74-9d18-415f-afd1-8217be8c81ef,ORD1248,28.04,Usd,2024-03-06
707b6010-9a8e-40b1-b3ce-bc7a6e759a6a,ORD1249,138.3,USD,2024-09-16
84c96421-e16f-4ce5-a093-78de59787589,ORD1250,105.39,usd,2024-05-20
644e1b70-048a-4635-b87c-0c35a5da2a0f,ORD1251,83.75,Usd,2024-01-25
e5eec95b-3bd7-4d6f-8d2c-7b8f816377d3,ORD1252,32.36,Usd,2024-09-08
e7e6493e-0128-4979-9550-add0338b2d15,ORD1253,95.83,USD,2024-01-21
6534f395-10bd-4c9b-84e6-83430f4e770f,ORD1254,72.97,USD,2024-03-20
971159ca-a670-49b1-ad69-20d53983ee37,ORD1255,24.6,usd,2024-09-05
bf49e0e2-de57-44a7-b8f8-76ae4567538b,ORD1256,83.59,Usd,2024-03-31
1fe72453-a6d7-42a4-9067-809b807a4e0b,ORD1257,18.34,USD,2024-04-24
5d8e5fb1-0480-450c-a6c6-37d6d8b20f26,ORD1258,139.78,usd,2024-04-27
f7c788c9-10e1-4da0-bba3-9832627b277f,ORD1259,163.6,USD,2024-02-21
1c0abbfb-3ff7-44e3-992b-547ba5b0441f,ORD1260,35.08,Usd,2024-10-15
f0faeb38-b745-480a-bbb8-216ede855e0f,ORD1262,160.92,usd,2024-01-11
c16417f9-ecca-4fea-962e-f45de2da8d80,ORD1263,180.56,usd,2024-10-05
9f185a1d-5dba-4e20-8383-93f82ec9bc58,ORD1264,100.0,usd,2024-08-11
960dcdc5-bf72-4f52-ac6f-88ac749e74cd,ORD1265,90.23,USD,2024-02-14
834716cd-cd04-4eba-80b3-2b76b52ff437,ORD1266,190.25,usd,2024-08-31
bfb30c02-fbb1-44f6-a73b-06731555f26f,ORD1267,184.66,USD,2024-03-02
a78f9e17-51c5-4751-8d39-05334bdc4ca8,ORD1270,47.34,Usd,2024-10-06
9d5e144a-d378-4ece-ba45-84f91165db61,ORD1271,59.97,USD,2024-04-04
7e2ab06a-dcc4-4235-a137-c45461102a01,ORD1272,32.01,USD,2024-04-28
5f3b03be-efe0-4f98-ae6d-b5e64178278e,ORD1273,67.07,Usd,2024-07-19
a6162fcc-017f-45fd-8180-5a02b84c03b7,ORD1276,31.42,Usd,2024-05-16
aace37a8-3035-4b40-99f8-14f9b4fcb8f0,ORD1277,11.68,USD,2024-06-12
499f6140-59cb-4260-9abb-60552a88d1dc,ORD1278,173.51,USD,2024-04-06
14476de3-5009-4cde-8f14-467c828d9322,ORD1279,100.87,USD,2024-02-20
496ea430-05a9-43a2-a55e-587d2bbcf9ad,ORD1280,115.08,Usd,2024-10-04
3be61941-7009-438c-97c2-73e3a8ff0be8,ORD1281,23.47,Usd,2024-03-06
a62c4edc-4e32-4c42-b732-fa3b6d047ab5,ORD1282,37.63,USD,2024-09-01
e1bc1e89-618d-47b2-8bad-ea0f9c6654e3,ORD1283,197.6,Usd,2024-03-25
b944c834-8e32-4f28-8b01-02c1faf39667,ORD1284,153.15,Usd,2024-07-04
d7847ae8-a94b-4c6f-b4cd-978d9371da8f,ORD1285,167.32,usd,2024-01-31
40377d8e-47e5-4653-a6aa-3fdd1948dc99,ORD1286,18.15,usd,2024-07-21
29c2a4cf-08b2-4b64-9408-0a8cf0f79753,ORD1288,186.85,usd,2024-08-18
ded9b10a-c9fa-43ff-8890-2acd3de654a8,ORD1289,174.72,Usd,2024-03-06
c92fe0fb-0a11-452a-a8d8-560897a07dc2,ORD1290,190.38,Usd,2024-07-27
93430fb5-d465-4544-9ccf-88866c90ca27,ORD1291,153.53,USD,2024-05-03
66d04806-dc6f-49f4-8b9e-43d1d7910eb2,ORD1292,64.65,USD,2024-08-09
ce8f922f-1acb-4407-a5d8-fb00a53b5c1e,ORD1293,89.29,Usd,2024-02-13
4abf760b-1249-4d2c-a958-7512b1747ed1,ORD1294,157.64,Usd,2024-01-21
1258b01d-521d-4414-96b2-f082db2841e2,ORD1295,84.72,usd,2024-06-23
18a75947-d1c9-4883-a217-5df680bfcb96,ORD1296,111.71,usd,2024-06-06
e33b9ca8-00d4-4a0e-a300-22b99fcd09bb,ORD1297,99.28,usd,2024-07-16
f13fd62d-698a-481f-a6d8-4dfd314faeb6,ORD1298,169.51,Usd,2024-10-13
abfc5447-c2a5-47a3-bb0f-bf037651be2f,ORD1299,124.99,Usd,2024-10-20
a271aeb6-7964-4e5c-a8da-9b11afb66dad,ORD1300,74.04,Usd,2024-09-07
c5191901-78bb-473c-b3f4-ea5d24eff8dd,ORD1301,111.22,Usd,2024-02-02
e170a6b1-5074-41d2-ac0a-44f86f549998,ORD1302,60.96,usd,2024-05-27
84995bca-aee3-40b9-ab96-388c31cb53f6,ORD1303,53.29,usd,2024-05-02
b443d768-0303-4259-8199-0e66b5da0562,ORD1304,76.22,usd,2024-04-08
6c3690af-8c75-4906-92de-98acd9a71c08,ORD1305,108.36,usd,2024-05-22
c9277823-31c6-46ab-ac78-4124ac1131f7,ORD1306,90.53,Usd,2024-04-06
e5d0058d-f985-484a-ab33-bdf12b701d41,ORD1307,179.2,USD,2024-05-31
e597c921-4b79-407d-bb6f-d1f28fef27d2,ORD1308,140.34,Usd,2024-10-04
9302cc57-305b-418c-aca7-344737eaa97a,ORD1309,48.85,usd,2024-10-24
4257495f-7bcc-4d36-897f-4d5739355d7e,ORD1310,32.27,Usd,2024-05-29
04139d25-4ad5-4e7d-a378-5c55115970e1,ORD1311,49.09,Usd,2024-06-21
7038e16d-2087-42c2-835c-3480b1fe714a,ORD1312,133.02,usd,2024-07-10
68ef3569-c30a-4b2a-b902-8a908fadbb4f,ORD1313,102.03,usd,2024-10-17
1765ef52-2e63-4798-a547-17d30da32dff,ORD1314,74.87,usd,2024-02-06
0c077ba6-fe94-4d16-b5a2-a1bf9e0916e1,ORD1315,193.64,Usd,2024-07-20
958e3ade-1313-4196-9e9a-f205f475e598,ORD1317,187.48,usd,2024-08-20
6235968c-bdea-41e4-9fda-9902e287f8ac,ORD1318,114.62,usd,2024-09-18
35e95143-fa8f-4886-9062-abaef7206220,ORD1319,47.85,USD,2024-08-06
8299a1c0-0115-4aa3-9283-cd4a078fcd70,ORD1320,103.02,USD,2024-08-31
445fdcb8-8290-4a0e-a92b-74a9b289330b,ORD1321,69.5,USD,2024-04-02
89e5fa72-9ba3-4603-996c-70f66eab149a,ORD1322,154.42,USD,2024-01-22
e5d31f8e-6295-44e0-a829-f8283318cf0f,ORD1323,62.7,Usd,2024-10-01
4b1e2929-f7d3-4202-83b2-1ea8cb07b244,ORD1324,158.94,Usd,2024-08-04
9d7aa827-8279-4afb-9586-64397acb6d6e,ORD1325,179.35,Usd,2024-01-31
ec3deb05-ddfa-47b7-9257-ac4b05128f9e,ORD1327,128.63,usd,2024-05-25
fcb2c9d6-4eeb-4cbf-9d1a-93f4fddcef95,ORD1328,53.79,Usd,2024-10-19
909826fb-bb09-4931-84e7-c37b4dfcf140,ORD1329,186.29,usd,2024-05-01
6149b2a3-e70c-4ddf-bf4f-99ce09a1c994,ORD1330,115.2,usd,2024-04-22
77133f24-b103-4485-84e1-05dcb6e4b816,ORD1331,193.62,usd,2024-04-14
e2fc3c92-59c5-415c-bd14-ef568d5dac0f,ORD1332,13.31,USD,2024-02-16
bb500964-18dd-40a1-a993-285542f6e350,ORD1333,126.69,usd,2024-09-05
5a5965f9-ad7b-425b-b64c-5093019f2e46,ORD1334,56.78,usd,2024-04-23
664d2004-aad5-4a4b-8b07-08950d7d3317,ORD1335,125.83,USD,2024-04-22
9a9386c4-8f12-422f-a4ed-2bf98fffce2d,ORD1336,10.6,Usd,2024-06-06
041d8335-413a-43f8-ba1d-4b07ba270ece,ORD1337,173.57,usd,2024-08-16
8692969b-916b-459a-a3d3-773c261de88c,ORD1338,29.07,USD,2024-07-28
ab5ee51b-71cc-40b4-a0ec-fcf38b2cde28,ORD1339,94.08,Usd,2024-07-15
7e824737-b10a-4849-92c5-d80a31c29b74,ORD1340,152.63,USD,2024-10-04
fd40a9cf-c35a-47e5-9815-8bcaf69793f5,ORD1341,48.97,Usd,2024-09-08
6fc53530-60be-4ba7-b7da-fd81efc49879,ORD1342,176.28,usd,2024-06-13
8c244dbf-9480-4f6b-b42c-baf306944eb4,ORD1344,83.7,usd,2024-04-15
620cebe6-2cbb-414b-a6a2-54bfddf0ad7c,ORD1345,143.66,Usd,2024-07-12
f66af723-56e1-4091-aefa-1cd6b8075c7c,ORD1346,86.76,USD,2024-06-09
d9acb3fb-3726-4b0c-a2dc-410daf8469ad,ORD1347,62.09,Usd,2024-05-28
504fe37f-83bd-43f3-afb4-0545035acf67,ORD1348,82.09,usd,2024-01-13
f9253da1-58db-45b7-ab19-e76467033263,ORD1349,117.03,Usd,2024-02-03
b0edb043-2801-4f63-a933-4f4ae2d74f90,ORD1350,162.02,usd,2024-10-19
0daf90dd-9f95-4e6e-9cca-addbb2b6d956,ORD1351,82.38,usd,2024-08-11
3dab8b12-61af-4360-9cbe-a931633f54af,ORD1352,182.75,USD,2024-08-11
18dd49cf-f0c3-430b-87f5-716de66799e6,ORD1353,53.43,usd,2024-05-13
81b14003-ea02-43dd-bd40-0e24f3defd18,ORD1354,42.02,Usd,2024-09-21
5a5c4c63-a661-4ff4-9d3b-c05a2d1e70fd,ORD1355,163.93,USD,2024-07-14
75f4f1bd-0d95-4d29-bfd0-9da73dd91a46,ORD1356,154.53,USD,2024-03-22
5c247b59-ca3e-4f8a-a03a-bf9238684114,ORD1358,19.51,USD,2024-09-25
32f08ef2-6aef-4105-8f31-b4b2035b631f,ORD1359,96.09,usd,2024-03-13
7c9a43e6-4197-4daf-a903-2f48ea322678,ORD1360,62.92,USD,2024-04-27
98fb738b-b5a9-4624-afc4-3bba314fe877,ORD1361,41.66,USD,2024-04-28
ad07e7f5-1d54-4799-a364-357b5c4d1196,ORD1362,127.98,Usd,2024-03-31
1b62d3e3-525b-4f4f-b927-87e48b625335,ORD1363,99.35,usd,2024-03-26
16bace9b-2325-419b-b3fd-ed08e0e68aa3,ORD1364,163.47,USD,2024-02-09
36a03f36-d4c2-4079-bfe6-914437395eec,ORD1366,165.29,USD,2024-09-30
ce79ae49-df9e-4b9c-a08f-b680d9498f5d,ORD1367,97.88,usd,2024-04-01
cf8481a2-0579-4314-9137-1eb4c108241a,ORD1368,187.11,USD,2024-01-05
57302b38-7216-4b13-8a1b-87ab55f5e0ed,ORD1369,42.64,usd,2024-09-19
36b1e29a-8fe4-45bb-8c7c-92ca47c310bb,ORD1370,105.17,USD,2024-07-20
c83cb7a3-5b3d-4ee4-b4dd-b432a9adf7a7,ORD1371,19.19,USD,2024-03-08
b8648e71-4e44-41af-8231-983dfc86831d,ORD1372,125.7,usd,2024-10-20
f211fd5f-d463-4b43-ae74-8ec34644d779,ORD1373,97.86,usd,2024-03-30
7f132893-8be6-47cd-a663-26dea7faaa3f,ORD1374,145.55,USD,2024-01-22
b9888c61-4efa-4555-986a-4fa90951fffb,ORD1376,10.11,usd,2024-09-27
a19744d6-d2d6-472b-9842-158f195124e2,ORD1377,138.73,usd,2024-10-08
ec93ffa6-4628-458b-ad6d-21f43ed271e8,ORD1378,86.74,Usd,2024-08-26
a21925c3-89ea-47bd-9f7a-15f4044c3d05,ORD1379,189.22,usd,2024-10-22
0a57c23f-d8e7-404e-a852-a8a37ff40833,ORD1380,152.38,usd,2024-09-25
1c229f59-c584-449d-b818-22b7d6005371,ORD1381,41.71,usd,2024-03-05
d5af054c-d916-4bee-9f71-7b397bc6235c,ORD1382,49.31,Usd,2024-07-07
6f07a9b3-f27a-4b61-9feb-d01efba74d7f,ORD1383,31.95,usd,2024-07-14
75fe588e-d408-4c90-a61e-faeb8be4c06e,ORD1384,80.99,usd,2024-09-06
49a25408-eed0-43f7-ae34-56672d0dc7c1,ORD1385,13.05,usd,2024-03-16
af138863-33d2-4268-aba3-e19ff6f04da4,ORD1386,122.18,Usd,2024-03-12
cadeca10-38c5-40b8-a6e6-cf8d62934bf7,ORD1387,67.37,USD,2024-03-13
7cec0730-9286-4e5d-8892-10695d5843d8,ORD1389,93.41,usd,2024-07-23
1e031494-c502-4a96-9065-69221b670820,ORD1390,98.39,USD,2024-08-25
07b3cec0-604f-4522-82b1-9c9767ec148b,ORD1391,192.33,USD,2024-03-15
8d8c2502-8959-44ed-aec6-b2c62b31ff29,ORD1392,185.32,usd,2024-07-10
d3f99847-4d1f-4424-b028-3a44009a6c52,ORD1394,83.45,Usd,2024-08-09
00762e2d-8aa1-4457-b05b-46abcac02e9b,ORD1396,166.01,Usd,2024-09-01
7d512459-4081-4498-8a1c-3c0346c858bb,ORD1398,170.96,USD,2024-06-29
21520b84-89f4-40bc-8df1-203436e82c6c,ORD1399,68.96,Usd,2024-03-25
cbb9f335-33de-4756-99fa-50323d2db16a,ORD1401,151.42,Usd,2024-05-18
ef61eeea-a315-4dda-be0a-85299df12802,ORD1403,129.83,usd,2024-01-13
56ad187f-04c8-4f7a-a3ab-43bd8eb695ea,ORD1404,73.47,Usd,2024-08-23
32b0bad1-b13b-44f9-8125-19c3e2718942,ORD1405,72.04,usd,2024-01-27
5d2c6eb2-f1cb-4a27-a940-0c855c6c02a0,ORD1406,121.27,usd,2024-09-06
86c3f20b-e32f-4ad4-b424-543cbc1e6d78,ORD1407,107.65,Usd,2024-10-07
639b8838-e220-4652-80d6-242bd6b031c2,ORD1408,117.61,USD,2024-03-19
92c7c9f3-f2a3-4da3-9888-910375019701,ORD1409,81.81,Usd,2024-08-13
14d67279-01f4-41bf-9b3a-dcb886533bc3,ORD1410,130.69,USD,2024-03-13
d19c2757-bdba-412a-bdbc-da99891d045a,ORD1411,47.3,Usd,2024-07-15
ae5d2bf5-32a1-402f-a8b1-86550d7fdbd8,ORD1412,51.85,USD,2024-06-04
cebe759b-896c-4a73-b955-bcaaaa45639d,ORD1414,89.49,USD,2024-08-01
753bb055-55a8-4a87-9c25-55d85b3e4cf2,ORD1415,177.8,usd,2024-10-07
b8e02ea8-5fa4-4960-95db-694e8f1ced3e,ORD1416,198.18,USD,2024-01-01
cc0698e2-d4db-4102-b011-b3905dbf93e7,ORD1417,41.04,USD,2024-05-15
20f61ba0-548d-40bd-81a0-d3bedd6f5195,ORD1418,159.53,USD,2024-08-27
3397a4ea-96ed-4c27-8cb8-e6990809d345,ORD1419,41.46,Usd,2024-09-09
85668afd-1222-402f-84b1-a0d4f67e1164,ORD1420,137.19,usd,2024-07-09
2776242b-08e9-4f54-be89-8932f4f6f10e,ORD1421,191.58,usd,2024-10-22
1f238197-3307-4f7e-a4ae-2ee3fb9f6102,ORD1422,178.94,Usd,2024-06-18
9c80205c-3bc4-4119-bab2-7ae5a1722e3e,ORD1423,72.04,USD,2024-09-23
210ddae8-ecc2-48e7-9085-96adedc209a1,ORD1424,163.18,USD,2024-04-25
474b70da-94d8-4131-8e9d-efc64c0bedc8,ORD1425,92.44,usd,2024-06-17
b891f44c-9765-40e8-8b88-142af5e2dcac,ORD1426,67.11,Usd,2024-07-26
f76df665-df2b-4726-92ae-faa86d710675,ORD1428,162.32,usd,2024-02-24
9a60581b-b792-4dba-ba96-563012409939,ORD1429,115.45,USD,2024-05-07
505db62f-2af6-4eea-9e22-0d0b3f2f0692,ORD1430,39.12,USD,2024-10-04
ce6ef550-39fe-4f84-b51c-85438f220638,ORD1431,88.4,usd,2024-08-02
ae6c5597-4e32-4a8a-aaa2-9fb146236234,ORD1432,66.83,USD,2024-03-24
b90cb357-af72-4f5e-8ed4-a34fe56c5539,ORD1433,190.21,Usd,2024-02-03
876a13fa-2dad-49c1-9820-1f544e10d2c7,ORD1434,185.96,USD,2024-08-11
e0557327-28e0-4719-acef-51281a81a129,ORD1435,92.11,usd,2024-08-30
a9842afa-92ad-4ce8-b7e0-cbb52afacb7a,ORD1436,73.42,usd,2024-03-01
0b997c88-ea2f-406d-9a6c-35d47433dbc9,ORD1437,102.44,usd,2024-07-21
72707901-33e6-4741-afa5-b7bbbe74570e,ORD1438,87.01,USD,2024-05-26
3c57c0a1-657c-47e0-b0fa-1a0b4e111b56,ORD1439,162.86,usd,2024-03-22
d0e6ad61-dcf1-4081-8196-c496610e5e57,ORD1440,122.75,USD,2024-02-21
07184124-1e31-4ec8-b7b9-3471c46a4ccd,ORD1442,11.61,Usd,2024-08-07
6ae4ab43-b720-4c45-8fcf-a4a983ef3cb3,ORD1443,27.54,Usd,2024-03-18
efc0a47a-3056-4b24-b54d-dd8b307b6586,ORD1444,10.4,USD,2024-01-17
73f2f619-d62b-4401-a548-2d9dd972e942,ORD1445,196.9,usd,2024-07-01
54801c39-80d8-4f6c-a32b-6076456f79a0,ORD1446,26.63,USD,2024-06-07
f144ab67-fb33-40a5-8afb-083b0c8e08a5,ORD1447,17.4,Usd,2024-02-12
7307a139-f0a3-4a22-b279-13645e74a380,ORD1448,126.73,USD,2024-03-28
5c4010f1-7329-41bc-a2d6-a0e507e903d4,ORD1449,166.6,usd,2024-02-25
95437052-906f-44f0-9c96-e57768b766fc,ORD1450,65.37,Usd,2024-02-06
52564dac-69f8-41ae-8ed3-fa99418a3314,ORD1451,64.04,USD,2024-08-24
ad9e6856-dd5c-4705-86b1-f31dcf4b55f9,ORD1452,59.4,Usd,2024-09-20
7468d127-3199-431d-aea2-63664fc3e20d,ORD1454,140.92,USD,2024-07-20
e3b8736a-6020-4321-8b64-d64297d63983,ORD1455,136.35,Usd,2024-08-30
1c53cac9-813b-4ce0-b57d-8868ffb8b7a7,ORD1456,78.16,Usd,2024-06-05
9d70cc19-5830-4352-acd5-f9561fbef6dd,ORD1457,144.07,usd,2024-08-02
506405c8-9344-4574-9c51-37f14b688e3b,ORD1458,54.67,usd,2024-06-16
8158b04a-2187-4790-8095-ec131d3ff2b3,ORD1459,97.64,Usd,2024-03-20
e4850980-dc50-43bb-9acd-99a1e2242c73,ORD1462,38.06,usd,2024-03-05
57fdc5f5-d120-411b-be43-06e100e1cfc1,ORD1463,23.95,usd,2024-06-12
839a43cf-7ed6-4c74-873a-2411fbc20627,ORD1464,146.54,usd,2024-07-28
2de91966-8f1c-4ba7-99c1-10bf7d1af390,ORD1465,132.42,Usd,2024-10-09
eeb76342-2e65-4af2-9cf1-6c94a210c734,ORD1466,67.48,Usd,2024-04-17
68eaa3a2-75e4-4422-bdbf-5874eda5e9cc,ORD1467,134.67,usd,2024-03-21
0ee06597-a0d9-4050-b8e7-ea981e9a688e,ORD1468,75.57,USD,2024-01-17
ad4805f8-e7d7-4fc0-97b1-0f30dbe82338,ORD1469,162.69,usd,2024-04-05
8a5ca1dd-cddc-43b2-8ec5-6396687c401a,ORD1470,98.07,usd,2024-06-14
96b8b294-56ef-4ed6-8183-d22e99483b30,ORD1471,165.0,Usd,2024-08-04
eaa868a9-843d-44b5-b14c-9c6f08ac87ef,ORD1472,192.03,Usd,2024-04-04
435e05ea-a291-49fd-84ce-e3f423ba9731,ORD1474,191.32,usd,2024-02-17
28c153c4-6d5b-46ba-8621-468eb120e0ed,ORD1475,197.79,USD,2024-01-22
81d6191f-4f8a-4663-85b5-68aae64bdebb,ORD1476,55.6,Usd,2024-09-10
48e7538f-b60d-4d81-b780-33a609beebed,ORD1477,182.39,Usd,2024-04-02
8c7efcec-b15c-453a-8bf4-2599b3e18a14,ORD1478,156.46,Usd,2024-07-03
b3fe0507-647f-48b3-99b9-3debec8a3553,ORD1479,162.04,usd,2024-06-21
6e9e3999-08c7-4483-b300-ac707a1f1697,ORD1481,166.62,Usd,2024-04-13
02034a00-6520-4229-a93f-4b75b3caeeb9,ORD1482,73.18,Usd,2024-09-15
25198fe9-8751-4be7-94e0-3a386a0bb4a2,ORD1483,84.23,Usd,2024-04-10
2193b617-a414-4b83-8561-7927ae33e0e9,ORD1484,190.47,USD,2024-08-20
6ade5542-5bbf-4fdb-9cb5-4547f386990f,ORD1485,122.29,usd,2024-10-02
0f3c677f-ff75-40ae-915f-0a03cb8bd2ae,ORD1486,96.72,usd,2024-06-19
af2d8f89-9f33-46e0-a52b-b58fc8e9b9bf,ORD1488,193.37,USD,2024-08-30
1dce1ceb-ea73-4e46-86cc-c29cce768efa,ORD1489,89.28,usd,2024-10-19
964b8384-07fa-43df-85ef-18883a1f61c7,ORD1490,69.88,Usd,2024-04-24
3eb227bd-6e71-4471-99de-e546c3465491,ORD1491,67.05,Usd,2024-01-20
ba695e31-470a-4aa6-bf2d-babe8f2f632a,ORD1492,137.0,Usd,2024-05-10
64520442-9b97-4fb1-8aef-8ccc97034f44,ORD1493,10.81,USD,2024-01-21
9c985522-657d-4c27-8443-2ac140cf9583,ORD1494,166.09,USD,2024-07-22
7fad5b97-aa03-4b5e-afaf-c50b2e656c8f,ORD1498,111.7,Usd,2024-08-01
349d7398-c749-46ed-86d3-3c4145291826,ORD1500,149.22,Usd,2024-06-05
2054d787-6af8-48bd-bc60-164feb24f8cb,ORD1501,136.03,usd,2024-10-24
ec15ad28-3a65-4535-bdbc-6d70f838c00d,ORD1502,135.64,usd,2024-02-29
9ef82778-9348-401d-8781-83a3ea83a122,ORD1503,185.87,usd,2024-10-14
bafb2495-3bf0-4a10-a634-7efccb253fef,ORD1504,43.67,Usd,2024-04-12
a22323f6-c505-419a-9caf-74f64c336cef,ORD1506,72.47,USD,2024-09-02
6fbf43cc-5016-491d-a62c-1f5e57c68d05,ORD1508,152.39,usd,2024-03-27
899d38ac-ff5d-42d7-931d-59f3d83483a8,ORD1509,137.64,usd,2024-03-23
68b5ff04-4587-4c17-b919-eec21682fdbb,ORD1510,48.78,USD,2024-07-04
8643eb86-30b2-45f6-b3a2-faa210a3dbf9,ORD1512,68.8,Usd,2024-10-07
cff3c9c8-bd4a-4291-80bd-51c9cf8e1fcb,ORD1513,24.48,USD,2024-03-03
b60f0762-4aaf-4677-bebd-724868346355,ORD1514,10.63,USD,2024-02-03
4d32c4e7-0266-45a4-9d38-f80e47825d3e,ORD1515,160.94,usd,2024-04-01
e0a76ec2-5ee5-4ed7-8951-a585361f13bb,ORD1516,95.75,USD,2024-09-13
57d2f6c9-ec05-453c-a604-da173360533e,ORD1517,158.11,usd,2024-09-18
61bc6eeb-78e6-4bf1-8ce2-fd07c177a646,ORD1518,136.92,usd,2024-02-12
7b4e270e-192a-4c32-8be6-f69dea678540,ORD1519,27.49,USD,2024-07-17
bcd1bfba-4760-47cc-b862-b613674ae92d,ORD1520,113.61,usd,2024-01-10
df948e05-86e5-4b2f-9d55-432682ad83e2,ORD1521,127.86,USD,2024-02-02
48b1f5b0-a9b7-459e-be96-307b908d140f,ORD1522,75.0,Usd,2024-09-30
0c242ebb-b51a-4abd-a6c0-9992e57c03ff,ORD1523,198.31,Usd,2024-06-28
8ef4e83c-9078-48ba-8a40-05345464a479,ORD1525,160.61,usd,2024-02-23
6264a4ab-1226-438f-8921-e303cbe06d7a,ORD1526,157.41,usd,2024-04-18
fb79f308-65c8-478c-8bd6-6bd90a4babba,ORD1527,128.0,usd,2024-10-27
56e4d063-3dc7-47bc-8104-c3302c33b514,ORD1528,22.71,Usd,2024-04-26
50172b67-e20d-4b1e-bda5-baba140a7420,ORD1529,187.42,usd,2024-10-12
b21deb26-9084-437f-a993-ba45fc2da74d,ORD1530,83.58,Usd,2024-07-07
a328c2cf-afc0-4747-bd4a-8ec846858681,ORD1531,17.97,usd,2024-04-06
c29dfa4c-02c2-41a5-a229-4473497afc82,ORD1533,197.66,usd,2024-06-22
f18ab8ab-e07c-4b11-991b-a76a312e7fb0,ORD1534,169.13,usd,2024-08-25
4e632cc2-bbce-4820-a350-24fa65d6e51b,ORD1536,122.98,Usd,2024-02-29
65339a1a-6535-4e60-8dcc-7c3c8569f209,ORD1537,99.95,Usd,2024-10-09
64815dbf-63ee-426a-b547-8cd94ad566e7,ORD1538,74.73,Usd,2024-01-17
7c0356d4-62d6-432c-8349-f198a9998630,ORD1539,131.24,USD,2024-06-08
e32743ac-da33-46ef-aeb2-c006c9593f98,ORD1540,90.87,USD,2024-02-24
842e9022-902b-4451-895b-4ef9109c2dee,ORD1542,193.17,USD,2024-05-12
0d1cafe2-1426-42e4-aa2a-ca2691b9226d,ORD1543,199.86,usd,2024-06-23
dea1d556-34b1-4671-bb88-29de79c73e32,ORD1544,196.45,Usd,2024-07-05
71d3ac16-6a96-4182-a553-1dd6cb935d07,ORD1546,66.97,USD,2024-01-14
03295db7-57da-47c6-8511-a5a3e4eaebe5,ORD1547,72.27,Usd,2024-02-17
0f46d8f0-a6ba-4e45-bba6-af47a2074e18,ORD1548,186.97,Usd,2024-02-21
4146ff31-348c-4a0a-b037-500079c06966,ORD1549,28.08,usd,2024-06-19
5057740b-4f44-43af-bbae-cda309c57bea,ORD1550,33.51,Usd,2024-04-18
5c42cb77-e2e5-41ac-bce6-f376cb1290ac,ORD1551,24.98,USD,2024-05-21
fdf50f95-182e-4023-8843-059d4c95166a,ORD1552,154.52,Usd,2024-02-10
b4021600-d9be-42ba-b138-1d7f6cc362af,ORD1553,114.3,Usd,2024-10-06
ca5b089e-7923-4f69-9e29-bbe456cdb52f,ORD1554,114.95,usd,2024-02-21
80f84625-8446-407b-b173-01bd80772afc,ORD1555,152.94,USD,2024-06-08
b5cbfd83-ffb9-4623-a8bd-248af5d61670,ORD1556,89.83,Usd,2024-06-19
099c7be9-7d71-4f33-9d63-c0d0b6e3731b,ORD1557,19.89,USD,2024-02-18
02ecd8ec-b805-4ebb-a2ba-1ea7e8360f01,ORD1558,121.78,USD,2024-09-01
479bc97d-7a68-4c04-81c0-14ad322c5d61,ORD1560,87.14,USD,2024-05-15
94d14ffb-9c10-40c5-b9df-15d5ac854956,ORD1561,188.53,USD,2024-02-11
cf6a42d5-367f-4abc-8ca1-0f45cef8125c,ORD1562,45.17,Usd,2024-02-23
9544da86-9a45-4c25-8f1c-4cf9ce05712a,ORD1563,13.2,USD,2024-03-05
01594878-8b7b-480f-94fb-8ebdc0308a0f,ORD1564,191.89,Usd,2024-09-17
15615ba2-b80a-4216-9453-567d921a1537,ORD1565,87.5,Usd,2024-09-24
8585ea61-ef04-41e4-a69f-35c45050aed3,ORD1566,119.57,Usd,2024-04-06
180059c1-503b-4e25-9e87-fed42b1c9962,ORD1567,55.2,usd,2024-04-18
3e4752d2-53c1-492c-bd27-34acd00276a9,ORD1568,83.8,Usd,2024-05-29
c7d6d596-e4b9-42d8-8fe5-269ebdf9db48,ORD1569,86.86,Usd,2024-07-29
ff21480b-53bb-46d6-9e19-e46dca0acd88,ORD1570,64.66,USD,2024-03-04
2c039833-1d9f-498a-906d-43c49afef631,ORD1571,58.45,Usd,2024-09-11
18212891-be0c-4e2c-84c2-c4569f6bdc20,ORD1573,122.24,Usd,2024-05-09
1f7aa57d-2211-4ec5-a80b-4f69a2fe429f,ORD1574,119.56,Usd,2024-10-24
a122542b-e740-4726-b381-c607dc370d54,ORD1575,137.49,USD,2024-01-21
e2c3eaeb-f70a-49ed-97d5-aefb8aa108d0,ORD1576,57.5,USD,2024-02-06
e791b320-ac09-4b2a-8c8a-f0d977e04eb9,ORD1577,35.26,USD,2024-05-21
3873d34f-aaba-4b57-8c8a-2141382fcbf2,ORD1578,119.17,Usd,2024-04-17
091e7910-331e-42e3-8ba5-b4c10c0df201,ORD1579,167.69,USD,2024-07-30
a3cc8045-1aba-45ad-b1b8-1169ae3690b1,ORD1580,49.2,USD,2024-03-16
f3c870d6-db5a-41c6-8b70-597195f72984,ORD1581,159.26,usd,2024-06-15
545a1565-cae7-476d-b78e-122d5fba490d,ORD1582,81.96,Usd,2024-05-20
33275159-ec27-413e-9554-d8096bfc0ef0,ORD1583,48.29,Usd,2024-03-15
f6680d87-982b-45b3-aabd-a0694f8a57ac,ORD1584,77.1,Usd,2024-05-04
2ad8f32c-2ea3-47bd-acbd-6fd3f54faa43,ORD1585,190.34,usd,2024-01-26
4165314e-c293-476c-a842-ac65b48b5b26,ORD1586,92.33,USD,2024-02-01
23de4cf7-18ab-433e-9674-518bc2f14258,ORD1587,168.4,Usd,2024-08-22
af8919c2-276d-447b-be66-f6317ca3f615,ORD1588,48.73,USD,2024-05-27
f84ff43c-7401-4edd-a1b4-870aafd45f4c,ORD1589,63.07,usd,2024-01-08
3e575c0e-b6b3-45e2-8c01-e6958ed298aa,ORD1590,154.9,USD,2024-10-27
64338da8-621d-40a5-9b73-0cdb11621d55,ORD1591,67.61,USD,2024-08-18
44358915-60dd-494f-a981-2de93fddb3d2,ORD1592,174.13,usd,2024-07-18
f08a0577-a07e-4df3-a6f4-ed1ceeb516a4,ORD1593,101.27,usd,2024-03-09
8ba2fb39-b964-4014-bf97-511fd7392648,ORD1595,102.32,USD,2024-10-09
8978d342-a8cb-48a1-8695-b2e3213ef67c,ORD1596,187.46,USD,2024-05-17
232cb88f-3bcb-43fc-96e8-2cb2e511694a,ORD1597,109.19,Usd,2024-02-20
39b8d780-da5b-4c0b-b108-8616835903e3,ORD1598,135.08,usd,2024-07-25
ced7d877-b384-462c-b2cd-b00d4c1735ff,ORD1600,178.11,USD,2024-05-24
407a9fb3-a95a-40fb-85c9-ccd4ea808129,ORD1601,56.42,Usd,2024-10-11
7dbfdc59-86f0-4bce-8598-4ee07331632b,ORD1602,119.14,Usd,2024-04-03
1c4ef6bb-c46a-44c1-9a54-fc4b38fc02b8,ORD1603,195.72,USD,2024-03-17
b776e43b-d6f0-4500-a400-80390b977b45,ORD1604,72.2,Usd,2024-10-10
35b328c5-bfbe-4687-9c0b-d32c974e130f,ORD1605,74.85,usd,2024-04-09
b3a67097-204c-4a90-9607-c00459ebff6b,ORD1606,149.2,Usd,2024-08-05
8dc0f73b-83b5-4d99-bc1d-701fdaee75f8,ORD1607,162.87,Usd,2024-04-12
d00ea276-1563-47a4-8dde-cce8c47a41ba,ORD1608,137.27,Usd,2024-10-16
3072c0bb-87d3-4280-ae3c-038f53ca4594,ORD1609,28.26,usd,2024-04-10
7fe667f5-063e-4803-b028-1257d205c8c7,ORD1610,71.7,usd,2024-07-01
39f682a4-ca72-4c84-b121-047c57d42538,ORD1611,55.82,usd,2024-09-09
6962da3f-dc74-45b9-a9bc-b1bb3fd0bf46,ORD1612,191.93,USD,2024-02-09
188bec39-5a57-4224-ac37-e1b9f4cb9e58,ORD1613,180.23,USD,2024-07-29
bd399e30-e476-4b04-9e53-00d813165974,ORD1614,48.94,usd,2024-09-30
72ffe47c-ccfd-4dba-a437-64cdaaf0ccb4,ORD1615,23.79,Usd,2024-10-07
769a0e2a-e9f0-4f99-b7ba-3877a21c7501,ORD1616,35.79,Usd,2024-04-19
0a9deced-8959-4060-ab53-278cc59e0022,ORD1617,28.4,usd,2024-01-06
4924014f-59af-4076-92b0-265c918bd5b0,ORD1618,87.74,usd,2024-08-18
a7ee133a-9339-4435-8dcf-381e4da563d9,ORD1619,27.76,USD,2024-03-01
30f8f06d-32e8-4999-bed4-5dc0bce42fa2,ORD1621,123.68,Usd,2024-05-03
d0fc1058-43f7-4e4f-a4b1-176bbc4356d6,ORD1623,112.8,Usd,2024-01-04
024b6836-2047-4312-95e0-45838003d001,ORD1624,103.01,USD,2024-07-29
31711ee2-7f2e-4c2e-9ca0-2599244eb0c3,ORD1625,29.02,Usd,2024-10-25
a2a67d5b-090f-4aa1-ab69-93264fc9312f,ORD1626,119.38,USD,2024-08-06
e35ffd5e-a039-45a6-8f09-90a2d685f2ca,ORD1627,187.58,usd,2024-10-11
c736ffb6-4f90-4a18-80ad-c18be54a3305,ORD1628,15.11,USD,2024-10-19
1e783a56-2697-489d-b87f-1a46fb4abf8f,ORD1630,42.69,USD,2024-04-29
bbf196f1-eca9-4921-bd99-4f46a0907668,ORD1631,149.16,USD,2024-04-17
60677cc6-33e4-4d0f-81ec-872cdeb86256,ORD1632,66.05,USD,2024-08-18
b4158d7c-a0fd-476d-8efe-0067795520a6,ORD1633,35.56,USD,2024-04-14
ce4fdbd2-ae87-4685-ad2d-f6dba5d7634d,ORD1634,153.75,usd,2024-08-09
17101b80-4ed6-49ee-ac26-a77227bb574c,ORD1635,22.02,USD,2024-08-30
aa1c24c7-abc4-4bfc-aa4f-3305afc8e9c2,ORD1636,42.56,USD,2024-09-29
a41f554f-b42e-40c3-a435-b0d4c28313b6,ORD1637,170.15,usd,2024-02-25
6365192f-594a-4de8-b306-9435674be6a7,ORD1639,23.91,usd,2024-02-25
a9de0c3a-8e87-4122-bedb-616fcc28f623,ORD1640,142.94,USD,2024-05-16
f06b76a4-5719-4885-a374-dffafb82b78a,ORD1641,145.61,Usd,2024-09-28
1238b619-1c07-419a-9d7d-225bd785be78,ORD1642,187.09,Usd,2024-06-17
2ebd44bd-611e-4c6c-b0e6-93d3a9c04858,ORD1643,39.91,Usd,2024-09-29
63bc5dd4-c8ae-4748-b071-da757a6e3ad8,ORD1644,50.96,usd,2024-08-05
9c37d310-146d-4596-a5ad-bccadb4b3981,ORD1645,168.97,usd,2024-05-22
46c2ff23-135b-44c3-8f04-5cd261d0f72c,ORD1646,125.19,Usd,2024-01-11
f0cbd143-3a59-445c-8b34-d4c757c1a06f,ORD1647,66.15,Usd,2024-08-26
ba298185-4a99-41a0-92e5-cef63d52cbc6,ORD1648,176.2,USD,2024-03-05
71173890-44b4-4456-8ffb-085d8269273c,ORD1649,53.65,Usd,2024-09-30
b97b21c8-0de6-4064-a6c0-1d1beb4cbe62,ORD1650,31.5,usd,2024-07-21
7a59a549-f40a-43aa-bfa0-315c6a7a6b61,ORD1651,120.33,Usd,2024-03-10
2fc60ab4-e97d-47ae-beea-75c2a89508a8,ORD1653,176.4,USD,2024-05-03
cfefb122-2b87-4dc9-9632-977ddd4028c6,ORD1654,106.6,Usd,2024-10-05
d5c09d14-d51a-45d7-bb58-b474214d3a3e,ORD1655,55.88,Usd,2024-02-12
705cdb68-11ab-4129-be93-a65d8b95ee86,ORD1656,112.14,usd,2024-05-13
aeea0344-8a63-48f4-b754-f086669062fe,ORD1657,35.87,USD,2024-01-23
e62892f8-0b74-46b9-b3da-6b6d12ff4b8e,ORD1658,171.55,USD,2024-03-12
b31c2d2c-70fa-41bd-a97c-d7151b9604b2,ORD1659,51.9,Usd,2024-02-15
c5611834-6787-4ce5-b859-46e892abf9bf,ORD1660,128.72,USD,2024-08-04
a0a59221-7e75-4ce4-ba1a-d88bee72f648,ORD1661,113.88,Usd,2024-06-13
1b0d4374-dde8-4f41-9e78-98d92aa5faa1,ORD1662,139.45,usd,2024-01-16
c54daf92-4faa-46fd-98bd-905119c37263,ORD1666,14.6,Usd,2024-01-16
bb83a6e5-8f92-4bc3-bbab-0aa859b0ebc0,ORD1668,151.02,Usd,2024-10-26
a6c0a22a-08b0-4125-b44a-815f6bddfa42,ORD1670,101.35,USD,2024-08-12
c64c35a6-a4b0-4c4f-ba0d-90d24b0f83ad,ORD1671,112.42,usd,2024-01-30
47470fa9-d8ec-4050-a4f3-d9049c1a3b11,ORD1672,152.21,Usd,2024-01-14
d4c1ce43-e761-45ee-b15f-20629744e58c,ORD1673,197.8,usd,2024-07-13
0650e572-b11b-4dd1-bf04-1b4e1e290221,ORD1674,160.99,Usd,2024-05-28
1439fab0-1fe8-4aa4-9088-123d4ac9ca9f,ORD1675,59.55,USD,2024-10-06
90fdfb3b-a22f-4c2e-a1e6-c0f829bbfbc6,ORD1676,124.07,Usd,2024-10-03
27d431c7-9a2d-41b9-9075-35b7c175f970,ORD1677,103.32,USD,2024-03-18
db32e7ff-d050-4f1b-82b3-c0eb7be7dd77,ORD1678,155.01,Usd,2024-01-22
15b5f9c6-7799-4381-b150-3731524c1b65,ORD1679,99.09,Usd,2024-08-10
5585e591-d02f-490f-96c9-f89cb23b3fbc,ORD1680,18.39,USD,2024-01-02
97b6d9bf-fc3c-4f92-8414-45f2a37c3b3b,ORD1681,178.3,usd,2024-06-25
1b606926-c5c7-412e-8224-357a18bec15e,ORD1682,26.85,Usd,2024-09-21
de7da2e9-35db-438c-973e-ec871f58dee1,ORD1683,38.49,usd,2024-10-15
c490d364-2b80-407b-b86b-bbe9c5680a28,ORD1684,88.46,usd,2024-09-18
5a023efd-ae17-406f-821b-c81b19b6024e,ORD1685,71.11,Usd,2024-01-26
63b47697-9703-409c-a38a-a66b4bdd3591,ORD1686,166.1,Usd,2024-07-11
a89998bd-b02e-40d3-946f-005578fd17ef,ORD1687,114.98,USD,2024-08-28
7b905300-7cb2-4b51-a288-6031931106b9,ORD1689,87.93,Usd,2024-10-12
0960a867-f779-4d03-ad12-9a6052527615,ORD1690,77.46,USD,2024-09-26
abde5f7d-3630-4c27-8ca0-b713d599cd3e,ORD1691,22.26,usd,2024-01-25
88c96663-de05-41c6-8d06-96941552c649,ORD1692,174.4,usd,2024-09-27
910dc1d9-651b-4011-8734-263bcbd17896,ORD1693,115.6,Usd,2024-01-03
6bff100e-4056-4165-8543-3248d8a4581f,ORD1694,149.32,Usd,2024-03-31
b87fc0a5-c070-447a-8e2b-6ec7ceaa8188,ORD1695,99.99,USD,2024-09-21
83410185-26c8-4878-a9a3-d32067c5e85d,ORD1696,146.45,USD,2024-09-27
bb128121-fbb7-4ec2-8e56-6fe1c60a382c,ORD1697,85.94,USD,2024-03-20
27c4a3d0-45d7-428b-bc7f-a63da04a71a5,ORD1698,36.89,usd,2024-05-31
c636bad6-7423-4f10-9df6-4d64dcb27f64,ORD1699,109.13,Usd,2024-06-06
43c548c9-a078-43da-ad7e-db1f2d37e5e4,ORD1700,40.13,USD,2024-08-02
bb0c9141-c148-4c8b-9126-0f47292846f0,ORD1701,34.8,Usd,2024-09-27
c363c1e8-da7b-4cf4-bc22-55764a4de6dc,ORD1702,29.78,usd,2024-02-12
7cfdaa07-7253-4b0f-901a-e29a9a3f6eca,ORD1703,17.75,usd,2024-05-29
b360ad58-1f80-43d5-97bc-d3e2b74dc523,ORD1704,130.01,USD,2024-06-30
d5ef3d72-cc75-4233-a106-232d4992f05a,ORD1705,81.0,usd,2024-01-22
e365cdd6-5c8f-41f6-94b8-002ecc0c3a4a,ORD1706,159.85,Usd,2024-07-07
860560ff-383e-49e1-9cca-3ed3555bd5c9,ORD1707,139.8,usd,2024-04-08
2c5b63f2-00f9-4721-ac5e-8b3ad95d59a8,ORD1708,183.17,USD,2024-02-13
4d086173-4fc0-4cc0-bad1-ecd9e24682a7,ORD1709,68.47,usd,2024-05-28
8d60ed27-1ab6-4c15-b36f-fb51fc36e330,ORD1710,192.39,Usd,2024-09-15
9666f7e9-c5f6-4b83-8100-2382d3075a0f,ORD1711,14.27,USD,2024-02-25
76293802-eb87-4404-8464-239340aea708,ORD1712,115.66,Usd,2024-09-22
2ebf1ef3-f007-4c26-9fe2-b73b9c6009ee,ORD1713,196.64,usd,2024-03-09
5e6110ef-af4b-41d9-aea0-1911b69e869b,ORD1714,168.03,USD,2024-06-23
41a69205-da43-4714-9288-d8bc5da3a5c3,ORD1716,20.93,usd,2024-05-02
e5ec1c95-ff44-4722-9d3a-5a51c02304ee,ORD1717,51.07,usd,2024-04-09
b272b717-9d79-407f-a007-337ae46b392a,ORD1718,58.97,usd,2024-03-03
14227e67-6853-418e-88d4-72f5e79178f5,ORD1719,52.16,USD,2024-02-22
ccbae336-edca-4c94-ab0e-04b589064fa6,ORD1721,96.4,usd,2024-03-04
2b6bbde6-e8f3-4d72-9c9a-ebd752cc4ea6,ORD1722,125.23,USD,2024-05-03
7dbf540c-7e41-4424-9a3c-ea1dd0b55212,ORD1723,129.87,USD,2024-09-09
2227f3b2-aa41-49c1-8720-a0c8c6734678,ORD1724,86.95,usd,2024-04-25
e0ec0ce0-bbab-47f2-b120-4a586f4e44e2,ORD1726,16.6,USD,2024-02-12
0dd60633-ebb1-482d-872f-75987805499d,ORD1727,126.26,Usd,2024-09-11
d75adcf5-22a2-401b-af46-6673a99087dd,ORD1728,72.21,usd,2024-02-18
a15f7470-4c7d-4a13-87f6-2196a7ae4125,ORD1729,105.13,usd,2024-10-09
a55e6e73-8365-49ad-aaca-6a7acd497c4b,ORD1730,109.65,USD,2024-01-06
d195fe8d-4f6d-4506-af51-b92a297b1dd7,ORD1731,49.65,USD,2024-01-16
91f3bd57-37c2-4567-9a59-1a61725f64cb,ORD1732,73.57,usd,2024-02-27
eed4a25a-dcc3-448c-a4ad-3b8f71a12e37,ORD1733,169.14,Usd,2024-01-07
99254b93-0ed2-4c60-8551-1ec2b9d50258,ORD1734,81.69,usd,2024-09-11
afb35a54-cc24-4ea8-87ec-6b3d9d4fb4aa,ORD1735,63.89,Usd,2024-03-02
02d98cdf-2ec4-4e24-b052-ec5912c6bdf8,ORD1736,182.51,USD,2024-04-19
b0dcb182-1402-4793-a014-058822516d14,ORD1737,125.85,usd,2024-03-09
948caa0e-4d95-4de3-b330-25bd91d4dc2b,ORD1738,24.49,Usd,2024-02-06
74cb1256-5755-442f-a3c1-f7add726537f,ORD1739,175.46,Usd,2024-10-21
5d8a2d44-0c10-4546-9d5e-9ce5a6bc8b30,ORD1740,112.45,USD,2024-04-28
0f6a32ec-1afb-4d66-a767-ca7a4266dc4c,ORD1741,100.7,USD,2024-10-27
3bd623c8-37bd-4b4c-bb1f-6e215eb78029,ORD1742,199.42,USD,2024-03-28
86eeb14b-4688-457d-adb6-7e2e8278a458,ORD1743,39.96,USD,2024-09-15
00846f67-901f-4161-8238-7d0b59eafc54,ORD1744,55.63,usd,2024-06-20
005b3925-ec39-4f0b-8cc7-60bd40644390,ORD1745,24.58,usd,2024-01-19
e050b61e-a3e8-4c5f-9fa0-422bff41e071,ORD1746,172.88,usd,2024-03-07
07345468-62e7-4032-916b-f6b4078eb690,ORD1747,87.38,Usd,2024-01-22
02e17b25-d01c-4b71-b8e5-ec7fa2e699f0,ORD1748,129.79,usd,2024-05-01
64d9c50b-1543-4cd6-a7be-4586e3116d6a,ORD1749,85.14,usd,2024-01-24
aeef6be2-8228-4595-9380-5081ff186a5a,ORD1750,28.24,Usd,2024-03-06
53711216-9d9e-4a86-8b9b-b016275a66f9,ORD1751,170.84,USD,2024-04-08
c884e27f-6def-43b8-831f-52883889e4b4,ORD1752,20.52,USD,2024-07-03
c61cbd49-29f2-40f4-94b5-66bbbeb75ccd,ORD1753,178.06,USD,2024-01-14
2f0d9226-db0e-40cb-8e90-f53e017f5520,ORD1754,140.13,USD,2024-06-13
1bd1c4ff-014a-4420-a284-841c61b64e8e,ORD1755,50.44,USD,2024-04-21
75964e0a-a368-44c1-9571-b90ac0a62582,ORD1756,74.7,USD,2024-08-08
669efa12-aeaf-494a-ab79-c9bb46ba0fed,ORD1757,44.85,Usd,2024-02-25
edebf340-f823-4162-a199-953592e3ebe0,ORD1758,171.01,usd,2024-10-14
6bc16d87-eed6-47a7-9cfb-72aca106b89a,ORD1759,37.09,USD,2024-09-25
de699875-9a09-4faa-b57b-2d0313503d09,ORD1760,65.18,USD,2024-02-29
b1c3c030-7c5f-490b-806d-986cc9873f1c,ORD1761,180.31,USD,2024-09-27
1e8af768-5623-4cfc-b756-0751723ff97b,ORD1762,158.25,usd,2024-06-01
c80ff8e8-24e2-4a1b-b9a8-002932e78baf,ORD1763,173.94,Usd,2024-09-27
53da000c-6ecb-4777-a975-1f9d5454389c,ORD1764,18.76,USD,2024-07-10
29763e1e-8e35-426e-aeeb-b962b1f3b049,ORD1765,33.59,USD,2024-07-08
192a950c-35bd-4581-b789-4818629db65a,ORD1766,141.85,Usd,2024-01-25
7c8cd95b-d31b-4d7f-9420-2a269ee9be78,ORD1767,198.71,Usd,2024-02-03
99ff6093-3ce4-4eff-addf-c36f7f20f361,ORD1768,64.3,USD,2024-01-09
745ebb9e-bb9f-49a1-b27a-e3a015e56277,ORD1769,96.09,usd,2024-10-25
a2da8eb5-2456-4742-bcd8-b4e1ffc9c6ee,ORD1770,86.54,Usd,2024-10-20
26d28ded-52d8-4850-8fc0-1d18ee385a56,ORD1771,128.93,Usd,2024-10-20
c27d19ea-3b0b-4751-ada1-4c340fc37f39,ORD1772,175.22,Usd,2024-05-31
9fff5813-9a18-430e-8d49-70115b1803a3,ORD1773,131.93,Usd,2024-08-21
50b188e9-058e-4e2e-9316-cb905c9e2d42,ORD1775,37.58,usd,2024-10-23
bbef5f9c-64d7-41cd-96a9-edd38b7c1d56,ORD1776,190.87,USD,2024-03-16
e6d468e4-5977-4545-82a5-bc9215a8f3f7,ORD1777,29.56,USD,2024-09-13
df0d6780-3ff2-4e92-960b-cc50bf880a5c,ORD1778,118.2,USD,2024-03-30
f4adf4b6-0b0f-4a9f-b74f-ea37d5e47fb6,ORD1779,30.59,USD,2024-05-30
532a7435-4350-4f5f-ba09-5897aa8dcd9c,ORD1780,157.49,usd,2024-07-25
43e9aaaa-9b0b-4cf8-884f-509ba891c4bb,ORD1781,192.52,USD,2024-07-27
53cf17ce-2eca-42fd-9bee-c6439f34bf0c,ORD1782,14.36,Usd,2024-08-30
1a5c05da-5877-44d5-834a-bbd143e1b112,ORD1783,131.65,usd,2024-08-01
6da7fb24-304f-4905-b383-96a945b49727,ORD1784,15.8,usd,2024-03-30
4b471925-b22f-4cf2-992e-79c603104378,ORD1785,68.81,Usd,2024-04-26
16c3223d-beff-4a3d-88ff-448eb3f7afbf,ORD1786,51.88,Usd,2024-07-04
7480ee92-9534-44e5-ae3b-2479a7875706,ORD1787,180.72,Usd,2024-03-11
3de541d0-49f5-47b5-b503-f5e689e5901d,ORD1788,116.62,USD,2024-05-25
a13e1102-1646-477a-95b0-b0b688aa58e5,ORD1789,180.48,usd,2024-03-01
9728c651-c6a6-45a2-b10a-586891ba0926,ORD1790,181.43,Usd,2024-08-10
2a883ea5-8b51-449b-b7ef-6c16bcca29ec,ORD1791,114.36,USD,2024-07-26
bd79b1ae-a402-4f29-8558-00127652a4e1,ORD1792,78.16,Usd,2024-03-16
1ce843d2-cdaa-4ac9-9262-e9318cffa80d,ORD1793,60.55,Usd,2024-07-14
ba0f1a64-dd14-4ff3-aed2-ee93cc2ef65e,ORD1794,75.5,Usd,2024-02-07
3e69b9f8-b4f4-43b8-847f-ff7d632841f0,ORD1795,51.16,Usd,2024-09-03
06cb82a6-a924-42a9-ad93-eb3638949ee4,ORD1796,28.67,Usd,2024-03-15
22ac9fda-cab6-4634-94b2-fd2816008f44,ORD1797,163.37,usd,2024-10-19
b2a20b12-8c1b-428d-a9ef-e8a5dbf53323,ORD1798,185.53,USD,2024-05-08
a6503da5-f236-45b4-8d78-9c0a8bb3615f,ORD1799,157.67,usd,2024-10-04
38bc0950-2387-473a-9d2a-e492609c46aa,ORD1800,121.65,usd,2024-09-17
8a9f6195-6247-4154-b688-1a54a87502b2,ORD1801,180.81,USD,2024-03-25
d053e04c-9f96-498a-9b40-e96dd4a8da67,ORD1802,52.51,USD,2024-09-20
d00653f1-7a4f-4ccb-b60b-7d2357221cb9,ORD1803,84.23,usd,2024-02-02
c80a517a-45c3-4d13-8013-ed6730ef6dfa,ORD1804,32.19,usd,2024-09-14
4a7bf464-be3e-4147-8b6a-5cb562e88fb1,ORD1805,25.43,USD,2024-06-20
ceb2b99f-1e26-416f-b6c8-c6d0bff1acc0,ORD1806,166.43,USD,2024-01-25
52ac884b-e6a7-47f2-85e8-317da86dc55e,ORD1807,81.29,USD,2024-05-22
45012aaa-3aa2-4367-96ee-16c5675b6fe4,ORD1809,23.9,Usd,2024-06-13
d9ee30b0-0428-4b4b-9169-be3626b39597,ORD1811,43.67,Usd,2024-09-24
14505495-511b-4258-ab27-3d96e22180fb,ORD1812,120.67,usd,2024-07-29
6b9b69b9-3b19-491c-98ea-4b8aaba5820b,ORD1813,19.56,usd,2024-04-22
f3604997-072c-4229-b596-6f22a7464ddb,ORD1814,61.32,usd,2024-08-13
f89461c8-a36e-4959-925a-edaed540c2a4,ORD1815,63.49,USD,2024-01-30
0edf5b3d-d0c2-48ee-82a9-4c1da493c6f7,ORD1816,95.31,USD,2024-07-25
77a638e2-d5f9-408c-aba2-800a33f7e636,ORD1817,88.21,USD,2024-03-11
6d3310c6-06cd-4ea3-948a-b17c0f8653a3,ORD1818,115.54,USD,2024-09-08
6d0792ea-681c-4a72-8aa0-0a74566c9fd5,ORD1819,166.94,usd,2024-01-25
41ec8d00-c10a-4782-ac86-ad5df19c3e60,ORD1820,117.43,Usd,2024-02-04
c7776b2b-5fb1-4a4e-aae7-061d5b86bfaa,ORD1821,60.07,usd,2024-09-25
b0500b74-8b66-4276-b378-163ecccb448e,ORD1822,59.93,USD,2024-04-11
4ffce087-35c4-4aa8-8cfb-dc1559c9a8a9,ORD1823,54.1,USD,2024-06-09
c87a124f-0199-4ae3-a049-bbff562d65be,ORD1824,186.82,USD,2024-06-25
33f3bc90-066b-496f-918f-e9b6c5b85496,ORD1825,86.25,usd,2024-10-05
e66041f8-73c7-43c7-8989-f4f7870ffe7d,ORD1826,98.21,USD,2024-03-25
05d26617-9d6a-4917-94b4-aa95e1e42972,ORD1827,24.93,USD,2024-01-01
e3c4995c-4d44-480b-a4ae-e36f7303806e,ORD1828,51.59,usd,2024-05-01
70a31d30-d5b9-4baa-bab1-8c166e4143a1,ORD1829,196.11,usd,2024-03-08
ea15c594-4c21-4a10-a66b-4a59fc084fff,ORD1830,113.76,usd,2024-07-11
0f1068db-887e-4966-b57f-3bbba1fbd829,ORD1831,51.47,USD,2024-10-06
8f7c1ee9-1a07-4ab6-bf19-9b86bebcea52,ORD1832,60.27,USD,2024-03-27
97f88eac-9456-4efd-8fc7-baf41540dc3c,ORD1833,71.37,USD,2024-07-21
02ae14e9-a08a-4bbd-9901-4e35e62625b4,ORD1834,18.17,USD,2024-08-08
1027a7fa-47ca-43a9-98f1-553135fbd452,ORD1835,199.04,USD,2024-08-19
85fcced4-5145-4130-a390-4067320adeaa,ORD1836,57.52,USD,2024-07-22
0c3c59df-0a6c-492b-9db2-5b0953e0e6ad,ORD1837,30.57,USD,2024-08-25
ef4f9971-96f6-4e7f-ac8c-c05082c92cd0,ORD1838,104.94,Usd,2024-03-28
919f9267-3b67-40a4-99d6-5aec50601e0d,ORD1839,24.28,USD,2024-02-17
12061c07-8e4d-495a-a169-0d790a05b85c,ORD1840,179.91,Usd,2024-10-01
7e2f1153-f625-4fa4-901e-dc46fcc1db22,ORD1841,29.44,USD,2024-05-13
386d4d48-234b-4843-a8e0-2e0314661fa1,ORD1842,195.0,USD,2024-10-20
3d9f3c29-fefe-4ec3-9274-8b401a9c0bf9,ORD1843,149.56,usd,2024-08-12
3a934757-2afd-4eab-9c34-c27a1e5957a0,ORD1844,90.94,USD,2024-10-03
37d3a701-118b-4cd9-82e1-c0d53e810f28,ORD1845,31.85,Usd,2024-03-31
de1fc4da-5c44-46d1-b9b0-99706489f738,ORD1846,199.22,usd,2024-01-15
7d369a1a-0f95-4c6c-a8dc-9b3b1565968f,ORD1847,118.76,usd,2024-01-12
bf8a1dd0-08a0-421b-a8a7-5db72eb58a30,ORD1848,143.54,Usd,2024-08-07
121d27f8-0933-4f23-b8b2-5589ccdad551,ORD1849,186.15,USD,2024-08-20
8450e156-6180-41ea-88f0-1e1ff58e6ae0,ORD1850,21.61,usd,2024-04-30
43f97f85-2f92-4ae6-bb69-fac405fdedfb,ORD1851,108.47,USD,2024-01-08
0a4bfaa2-7eb8-46d0-8bac-732fa842f62b,ORD1852,10.43,Usd,2024-03-14
0e2c5e7f-1300-4a62-bb64-667a9d6141eb,ORD1854,44.29,Usd,2024-06-27
d22e19fb-f209-4c88-b000-352f3f71ce14,ORD1855,40.25,usd,2024-07-06
989a4330-1c9e-4737-a04e-5998adeb501a,ORD1857,197.89,USD,2024-05-15
f64069df-1dfd-4936-ad86-f6093700e501,ORD1858,38.56,USD,2024-09-24
c050e271-0fc4-4adf-92e5-73c87e7122a4,ORD1859,188.04,USD,2024-10-19
f3620f02-d5ed-44a0-9832-5750f38cf25a,ORD1860,117.89,usd,2024-01-21
cda77add-ac29-478e-b60a-1ec71696cd47,ORD1861,111.51,Usd,2024-05-17
9cf4291d-bdd8-445d-b069-29a07255af72,ORD1862,128.45,Usd,2024-05-27
b4bc0e03-98be-431a-a02b-ab6902a23310,ORD1863,174.93,USD,2024-03-05
a6154299-72fa-4b52-b5df-56845b93db2c,ORD1864,17.18,usd,2024-01-18
c3af6c07-e9de-464e-bb59-58993ddc4b5a,ORD1865,141.44,USD,2024-10-04
686d0c45-fbe1-49d3-81c1-8b0db13387d5,ORD1866,146.65,Usd,2024-05-08
db52c4a0-b277-457b-b87c-82bdafd75b90,ORD1867,65.45,USD,2024-06-01
5e6f1d36-eb0c-46e3-99ed-3a330e80b4a8,ORD1868,74.17,Usd,2024-09-19
2fafe334-06fb-4b59-887e-738e7d71bddd,ORD1869,22.54,USD,2024-05-25
67ce9146-0235-4d01-affa-9795533dd423,ORD1870,128.95,Usd,2024-08-22
b0746ec0-2b07-467f-9372-7dfc4ae04157,ORD1871,152.72,USD,2024-08-13
4c8227b1-968a-4ec6-8830-fb99f07c20f9,ORD1873,54.7,Usd,2024-07-24
78f4aa97-377f-4881-9bca-d688abdfb0c6,ORD1874,100.74,Usd,2024-04-05
ccfb5a0a-0cd4-436e-a593-99ba7b2d4cb6,ORD1876,62.23,USD,2024-02-02
86c72d62-b4cf-45c8-9541-c4386ec6cb2e,ORD1877,136.1,usd,2024-09-10
ba5e8167-cd15-41c3-9e1e-210ea5e0b25f,ORD1878,103.57,Usd,2024-03-17
5813519d-14e1-411c-9bb8-75644d2c12fd,ORD1879,119.17,usd,2024-09-15
468dc231-fe62-4848-8bc4-62084edc2e77,ORD1880,170.65,USD,2024-06-12
51f9cb8f-6f9e-4eaa-829a-cea48d2a0bf0,ORD1881,47.27,Usd,2024-01-20
96ed0b56-d5f0-44fd-aa7d-a78412b56346,ORD1882,111.11,Usd,2024-09-25
2692a6fe-8fa3-498d-b3ea-4f856aa5c934,ORD1884,139.64,USD,2024-07-07
4ecad9fd-3126-4b46-839c-8b3a9fb1c0a7,ORD1886,15.68,usd,2024-07-18
104ebce8-399b-423b-998d-4e95499e5e78,ORD1887,127.71,Usd,2024-08-21
49878649-e57c-4ae4-b14c-c3c88cc37994,ORD1888,15.82,USD,2024-03-26
b27cff66-6075-4d0c-8777-337840d9b46a,ORD1889,112.94,Usd,2024-06-24
5eb51d92-2b2f-4cf5-b676-3638330c93fb,ORD1890,60.98,USD,2024-09-25
8cf1608a-ab41-4099-8ea0-ed37aa22f7c4,ORD1891,122.78,USD,2024-03-12
ee5184bc-3516-4a37-b249-2b76187ddf05,ORD1892,164.89,usd,2024-04-05
75cfe8c3-52c5-42b8-a431-c5c4dfb5c736,ORD1893,130.45,USD,2024-09-29
c281e3d8-23e3-417d-9d63-c9a7a05c1606,ORD1894,170.88,usd,2024-04-23
dac2f111-c2dd-425a-ab92-4f69dfdc9bd3,ORD1895,46.97,Usd,2024-02-22
189eb334-f030-4a2a-936a-9455313259b6,ORD1896,41.24,USD,2024-06-16
32e1ac32-443a-4450-bca4-fd3ddd42fc9e,ORD1897,154.68,Usd,2024-09-04
8f6c9bec-4e06-4545-801e-1e8281012e56,ORD1898,189.55,usd,2024-03-26
0f54b175-2a00-4746-9514-af877ed85837,ORD1899,42.65,Usd,2024-04-23
428fe56c-ced6-48f0-aee3-d3d1b2b8a161,ORD1900,52.23,Usd,2024-07-08
7960c68d-0c86-4abe-8e16-8284fd048554,ORD1901,173.49,Usd,2024-02-24
8798f294-adf6-4ee7-b99a-dd92e868fc4c,ORD1902,84.33,usd,2024-01-14
6428368a-397b-480e-a2ec-0cb151ef49a0,ORD1903,103.03,usd,2024-07-16
1b7d48e8-b9c9-4e18-bddb-6126754e82b5,ORD1904,116.15,USD,2024-06-13
2138763a-a3fc-4a76-bb1b-35f6f00ecc28,ORD1905,156.87,usd,2024-05-13
f80c11be-3870-4d00-bf9a-a23fc480c2a5,ORD1906,46.89,Usd,2024-03-02
f1e44f12-a470-4e78-aa63-7d1d3ac5977c,ORD1907,179.83,Usd,2024-02-08
448783ac-7d38-41c3-ab8a-d5f637657a9c,ORD1908,31.51,usd,2024-09-04
fdf81065-1091-4413-a5ba-239d09082795,ORD1909,47.84,Usd,2024-06-19
64073f0c-3a5a-4ed1-892f-2bc9301e45cd,ORD1910,61.14,USD,2024-02-14
907e3048-5bc8-4345-abca-949a290f27fc,ORD1911,49.94,usd,2024-02-15
d6454af6-b4b6-4dc0-a1ba-b184abce81a1,ORD1912,96.2,usd,2024-06-16
6b8be078-bd1f-478b-8146-66a98d642290,ORD1913,51.15,USD,2024-07-06
ce747521-cb25-4ba5-b07f-85177534c727,ORD1914,50.75,usd,2024-08-31
1898eb8b-51b0-4830-b856-256decfb8dc3,ORD1915,190.62,USD,2024-05-01
aa7a3b9d-2ee4-45a8-95f2-d827d8a26eba,ORD1916,94.99,usd,2024-01-24
c728ab1a-2a11-4a5b-9624-d122b5d961f7,ORD1918,191.02,USD,2024-02-25
db7a0960-64cf-4bc2-a672-5981fbe65e70,ORD1919,156.25,USD,2024-01-19
035a0e5f-655a-4de2-bcfa-2a73591d41ab,ORD1920,43.69,usd,2024-09-27
a337a461-08d0-4194-a73a-cb100637f0ab,ORD1921,33.18,Usd,2024-09-25
bc19d805-0bff-441b-a898-047929ed988c,ORD1922,21.43,Usd,2024-03-08
d59a352d-557d-4071-bace-5b0703978b52,ORD1923,11.28,usd,2024-03-07
8eed4cae-6cf7-4d80-838c-c9b4e9d3ada7,ORD1924,107.71,Usd,2024-06-27
721498e3-6711-4c93-a303-c77c5cb26a06,ORD1925,179.14,usd,2024-10-12
f08083f3-6d6a-4e71-b55b-a3671cffe1a2,ORD1926,163.78,usd,2024-08-01
153ef465-9af4-4c71-b1cb-630cff87651c,ORD1928,156.86,Usd,2024-07-31
7fde3cd0-d877-4def-93d0-cf2c8e4661e7,ORD1929,95.46,usd,2024-05-23
8d80c2ec-cc10-498c-96f6-e50aeffa90bd,ORD1930,41.84,usd,2024-06-21
48a086ba-be7e-43cf-95ea-56786a67ec31,ORD1931,196.8,Usd,2024-05-23
4fe3cc63-28cc-480d-a291-8a723e979b58,ORD1932,74.51,Usd,2024-08-04
52512e53-07b2-417a-8798-099d6dc5bc2e,ORD1933,161.35,usd,2024-05-27
7f61a863-140e-48e2-8293-c1cfebbec091,ORD1934,34.49,Usd,2024-03-01
37e3b087-d8d4-48d2-a981-5067bd693ec3,ORD1935,164.36,usd,2024-06-19
2ef6e04e-b6c4-4f56-9969-41274600f3e5,ORD1937,11.19,USD,2024-01-22
466150a2-076e-4b2e-b89f-71de76b0ad59,ORD1938,68.3,Usd,2024-04-27
30bb392d-4e1a-4939-bc77-555ca80c1956,ORD1939,176.9,USD,2024-05-01
742eba06-53e8-47b9-9bc9-413415d3dd53,ORD1940,176.7,USD,2024-06-15
62000132-9ad8-4290-944a-46bbb95ca4bc,ORD1941,23.16,USD,2024-06-14
a5b65e53-cb41-4b29-830e-61f5f0e07e2b,ORD1942,16.42,USD,2024-08-05
537c0d3a-afcf-4571-b8cc-8e4bfde02106,ORD1943,44.61,USD,2024-05-25
748b64a9-088b-4027-a160-691c86515652,ORD1944,171.71,Usd,2024-07-15
6838c9e2-6ec3-4942-813c-e6545921c55e,ORD1945,127.79,Usd,2024-09-08
182a0103-6f14-454d-9589-8e0a4bba1bc1,ORD1946,192.99,Usd,2024-04-23
684b6770-ba2e-4bcf-b279-5fc6e0130bf1,ORD1947,180.79,usd,2024-05-29
6fde36c2-fb5d-43d7-9088-eb4dc3c37e2f,ORD1948,38.44,USD,2024-03-07
b1ac1b26-6906-4566-b55c-106890046af8,ORD1949,107.91,Usd,2024-03-26
00988ecf-2d82-41b9-878c-36b996b6ee00,ORD1950,64.7,USD,2024-09-26
c64f711e-5014-439c-a40c-2108b3d3170f,ORD1951,164.58,Usd,2024-10-05
0139b4fd-99d2-44ef-982a-884d2dfa8755,ORD1952,30.11,USD,2024-04-07
09f34f97-ad98-4919-ae4a-efda096d84c2,ORD1953,34.0,Usd,2024-03-14
b090957b-2c12-486c-bdee-db63cf06e24c,ORD1954,132.58,Usd,2024-06-05
8f038fd4-170a-4d77-9007-5c0816d08dea,ORD1955,21.21,Usd,2024-01-05
0d8a5b41-299a-4293-8f4c-e90992717f37,ORD1956,108.72,usd,2024-05-14
52992c5f-9421-408f-9f06-cd137bf9de7f,ORD1957,48.75,Usd,2024-08-25
48d1a106-ace6-4d84-92ff-309c1dc7350b,ORD1958,111.18,usd,2024-07-25
4221145e-6661-4d09-951e-c69cd32e3ae2,ORD1959,26.55,usd,2024-03-31
98295ebc-95d3-4acf-ad76-f1409140d2ad,ORD1960,180.97,usd,2024-08-25
973556cf-7786-4687-be73-8fd8ff9e95b5,ORD1961,151.9,usd,2024-10-14
56a51052-745b-489c-b1a7-97f1b15f2812,ORD1962,101.93,usd,2024-03-20
675df253-697f-441c-a9e3-78580cd1cb97,ORD1963,189.01,usd,2024-03-13
73891ba6-dd80-4be6-9c26-f96fb0aef230,ORD1964,107.08,Usd,2024-08-20
e5ad27f7-3b02-4aa0-9631-0700d929e195,ORD1965,134.96,USD,2024-02-22
b1274ecb-f938-47ab-a6fd-da7f4e01b4f3,ORD1966,114.38,USD,2024-08-13
e83cd0dd-3d78-4703-a6da-f0b61de5b859,ORD1967,132.63,USD,2024-02-02
157f266e-7214-4311-ac90-600bd824622f,ORD1968,50.86,usd,2024-04-21
72112db6-22f2-4cc2-8a91-5464360525ec,ORD1969,134.53,USD,2024-01-15
785f0641-d73f-4973-bf5e-b7f5dc928eb6,ORD1970,42.78,Usd,2024-10-17
ebcabae5-43e7-4912-887c-1c1050291413,ORD1971,50.68,usd,2024-03-28
592e4e55-64b4-49b7-bc1b-688ff2535ec0,ORD1972,149.23,usd,2024-10-26
b9b6a7ac-0924-410a-9742-82a61950759d,ORD1974,115.1,USD,2024-05-01
ed1def6a-f930-4e80-a998-b8e72ad29a7f,ORD1975,71.77,usd,2024-05-05
4905a80e-4a6a-4a42-8895-c417797ba450,ORD1976,172.58,Usd,2024-04-14
43b7bc95-36f2-4a53-b5f2-ee0d476d38b6,ORD1977,188.54,usd,2024-08-01
3c668361-45af-4672-9f69-918af7f5da70,ORD1978,147.71,usd,2024-09-09
7cf1af1c-a3ed-4e63-b8a8-06ffaf36f441,ORD1979,163.57,usd,2024-05-06
5e92e078-9dab-4284-a303-e84c6367c03e,ORD1980,118.5,usd,2024-05-09
e2e5dc2e-0cd9-4c65-b4b7-26cceaa1e8ea,ORD1981,191.08,usd,2024-02-29
4bb67cff-500b-4a8d-97fe-55bd1c2c6786,ORD1982,94.9,Usd,2024-08-12
f5c09202-fc0e-4844-87ed-82acb8c53674,ORD1984,93.63,USD,2024-01-29
6ce732b4-4886-4871-8b8f-17d6a424b7f1,ORD1985,136.68,Usd,2024-08-27
1dff1468-0dc2-4e4a-b685-20c5566ce349,ORD1986,183.03,Usd,2024-02-27
b7b65375-979f-4d00-81c0-73f2cdbddb60,ORD1987,144.5,usd,2024-03-11
518680c9-16f5-4125-807e-2c8254942040,ORD1988,116.08,Usd,2024-05-04
055861b8-2f69-4604-bb82-11cc91c13791,ORD1989,15.33,Usd,2024-02-20
e2eb8e01-f0d5-4d4c-8261-38f5e6fe9314,ORD1990,79.22,Usd,2024-01-28
45f01e34-fc01-4ffa-9306-49dad45813eb,ORD1991,42.92,USD,2024-05-15
0b8527e1-392c-45af-b066-071d965ef9a2,ORD1992,102.9,Usd,2024-08-26
ad14b97e-a47b-47e9-9e8e-6d2eeb41e4a1,ORD1993,106.12,Usd,2024-08-12
9433d342-1b40-4a1a-b897-88eb1fdfc540,ORD1994,50.01,Usd,2024-07-09
08b1b558-d297-4505-8118-9f8cb1f2df10,ORD1995,77.9,USD,2024-09-30
cd89a6a9-b12b-4335-8b0b-e64709fa6597,ORD1996,21.57,USD,2024-04-13
ba1cd039-4b45-4823-a9f7-054da7c56260,ORD1998,54.89,usd,2024-02-11
e090dfbd-4d7c-4613-9d3c-f9452d71c36f,ORD1999,172.49,Usd,2024-06-13
5bc7a9ac-8fdf-47e1-8a0c-4a1b22659d7f,ORD2000,22.62,USD,2024-04-17
84644054-9892-4ebf-85fe-8de4b5852e43,ORD2001,118.4,USD,2024-01-12
c5a68a81-2929-47d5-a4c1-ecc6b089dc6e,ORD2002,132.15,USD,2024-10-27
ccec25e9-eea3-4f74-89ce-791cdfbd6f51,ORD2003,136.16,USD,2024-06-04
30fc9343-cf27-4557-9f39-bf3be54591dd,ORD2004,62.66,Usd,2024-09-18
5394837b-2400-4384-b154-4a365266c5f0,ORD2005,126.3,USD,2024-01-03
e1abfe9c-2255-464d-a412-1fa475a18f79,ORD2006,198.51,USD,2024-04-17
295959ee-692c-4c29-90a5-9e5a0d24721d,ORD2007,104.97,Usd,2024-02-28
9a8f4b9a-b026-4cff-bf71-87f8bc643a27,ORD2008,19.2,USD,2024-03-18
a1ac17d3-5305-40e0-bcaa-0512e1f96921,ORD2009,39.91,Usd,2024-08-23
ed4586cc-31e2-47f8-8a1c-091f20a039af,ORD2010,153.01,USD,2024-01-28
dc1ccbfe-f849-46b8-b149-ab3c20390aab,ORD2011,156.56,Usd,2024-02-15
3d82fcf4-8f11-4a07-ad1e-a39f51ca7007,ORD2012,82.69,USD,2024-03-07
9fa3d0a1-9795-4034-8704-c66aca1327ba,ORD2013,17.95,Usd,2024-01-17
b13f187a-97ad-4513-a520-22c0a61bdb10,ORD2014,147.37,Usd,2024-09-27
b326f2ec-a4fa-4708-977d-5fa70ed79773,ORD2015,187.16,USD,2024-04-19
d97dbc2d-1e83-4a1a-9509-1c27456df087,ORD2017,91.98,usd,2024-04-16
42f849c5-c755-401a-bc6b-7dea90735f15,ORD2018,135.46,usd,2024-06-03
354c0171-fc1e-49dd-b46c-7fe3b142cbeb,ORD2019,29.69,usd,2024-03-31
39186f2f-ff0c-4521-8158-a4c69340e5cd,ORD2020,64.05,Usd,2024-07-21
d3c5f473-94ba-4d80-a66f-0a56551e5bf1,ORD2021,36.72,usd,2024-01-05
13ef905a-380c-4efb-b564-49ee5bb39239,ORD2022,72.06,USD,2024-03-17
f9b6137e-27ab-43e0-8617-748a2ff4dd32,ORD2023,81.36,USD,2024-04-09
94a34a5a-93cd-487c-b28c-26e819a3d104,ORD2024,79.68,usd,2024-07-13
9c172246-87e0-4d5b-b6fb-e31589c03feb,ORD2025,22.54,Usd,2024-01-01
ce462ab7-4dac-4d85-83ab-899d3c47ca65,ORD2026,50.78,Usd,2024-10-18
1c64e4c8-ed62-44b7-9b0d-66427579bb30,ORD2027,34.36,Usd,2024-10-25
3ad00fe8-ea48-499a-aa6f-1d84c9d95edd,ORD2028,13.25,USD,2024-04-27
f67fb567-c90f-4e62-be05-88095bd8b384,ORD2029,32.54,usd,2024-04-07
59d93900-8446-48b5-af97-c50866e32b40,ORD2030,78.21,usd,2024-10-03
4ac619fe-aad5-4724-97cb-93b83f4f6ec8,ORD2031,68.32,USD,2024-04-18
aed30d25-c5be-460e-8c19-9df85091a0cc,ORD2032,59.28,USD,2024-03-20
8b32d077-cdc2-4088-aa3c-0140765307aa,ORD2034,186.74,usd,2024-03-04
46ba9ae1-e83d-42bd-904b-df6b57b13102,ORD2035,40.77,USD,2024-10-12
f5548312-0789-49d9-b803-ad95bc6c03be,ORD2036,21.46,Usd,2024-02-01
d86d1349-619a-46cf-90ec-805089816d93,ORD2037,147.09,USD,2024-08-08
556b57a9-f2df-49d5-80f3-58154a625255,ORD2038,122.25,usd,2024-04-26
23e435cf-44f6-4c22-8df3-dfbafb4aec12,ORD2039,173.4,Usd,2024-02-24
9ca9cbdc-4614-4fad-b7bc-928caf30ffda,ORD2040,59.6,USD,2024-01-04
75a58e1c-eeb0-4ea5-8a6e-1d13fb8d679b,ORD2041,144.96,usd,2024-01-17
450dc908-ab07-47cc-86df-6209af3c3088,ORD2042,33.69,Usd,2024-07-04
a5d9c029-c233-4c37-9bba-68dc8cf91e81,ORD2043,87.05,usd,2024-10-15
8f58053c-f0e6-4dfa-b16a-ee97124ab4c1,ORD2044,131.57,usd,2024-08-04
eba77792-2752-47d5-bc58-931d3fac9ed2,ORD2045,68.57,USD,2024-07-08
51dec4a5-6762-42cf-8657-b34751c4d060,ORD2046,138.64,usd,2024-07-09
7fbec1bf-225c-45b7-a06e-86538be0cbb2,ORD2047,170.27,USD,2024-05-08
c08e8f4c-9fdb-4d68-a8b2-037d5aa17d31,ORD2048,30.22,usd,2024-08-24
66d9e531-4a68-4410-af23-2a642bba71bd,ORD2049,31.01,Usd,2024-01-31
21502d66-b5f2-4a69-b820-c07f4037cd87,ORD2050,161.48,Usd,2024-03-03
7b0b93ec-cc11-4cf1-b84b-2d863fa7e309,ORD2053,160.58,Usd,2024-04-27
209fc431-2be6-4ded-8d51-18e41d9e1f6e,ORD2054,85.74,USD,2024-09-07
dde82318-b2a1-4e66-ab75-b2e266033656,ORD2055,108.09,Usd,2024-01-07
20c711b2-be3e-411e-922a-0edfe90ff01f,ORD2056,164.34,Usd,2024-07-06
62bad74a-faac-4584-bfa2-06659888262e,ORD2057,38.15,USD,2024-02-25
0843a52c-c68b-43fd-8644-01d7761623f2,ORD2058,143.82,usd,2024-02-13
1dde2145-f97f-4639-b83f-6fb91dede62f,ORD2059,18.07,usd,2024-02-22
d1a0fe9c-3aec-4c9e-b32e-8405e95236e1,ORD2060,97.77,USD,2024-06-19
38678e0f-3aa9-4f2e-982f-ef623e743483,ORD2063,78.61,Usd,2024-05-21
187c377d-1d40-4d1d-b8db-043e99151e10,ORD2064,47.9,usd,2024-03-30
22ed07c7-1186-4f4c-bae9-240a67a6a015,ORD2065,47.35,USD,2024-10-16
568e0be6-69b2-482c-a4ae-32dca7f5a9d9,ORD2066,76.3,Usd,2024-06-30
0fee10fc-fe46-41bd-ab5c-2b2a8de1de6c,ORD2067,143.65,Usd,2024-05-09
8714cb9e-1602-4939-977f-56f0d410625a,ORD2068,48.87,Usd,2024-01-03
cbfae048-440c-4edf-a946-10cf7436ce24,ORD2069,199.95,USD,2024-07-25
af65c4ca-d6e1-4339-970b-9ded96726e5c,ORD2070,163.87,usd,2024-05-10
cf1281a1-17a9-4f13-8488-4bb5e8d86dde,ORD2071,179.03,usd,2024-03-17
78d8aa2d-d0ca-4418-ba0e-9f5ec1d9b166,ORD2073,109.68,USD,2024-08-31
e860003f-5651-4f7a-9c8b-c8ef48883d6b,ORD2076,88.81,USD,2024-06-08
63a3e13b-25aa-4a44-a3cb-699f249579ae,ORD2077,129.1,USD,2024-02-04
76a0c274-6138-4aaf-818f-765b5e01a893,ORD2078,19.61,Usd,2024-09-05
92f29101-ab69-4595-978d-3b7d31e11c10,ORD2079,33.62,usd,2024-01-20
fd3affed-cd02-4171-b537-9527348cf25b,ORD2081,121.26,Usd,2024-10-09
5092fbae-b72b-44e0-ab2e-251e6510977d,ORD2083,153.88,Usd,2024-05-18
f172467c-4e9f-463e-b585-e2895a4668c0,ORD2084,69.86,Usd,2024-02-03
61477a07-370e-4782-97b7-0d14f86c709e,ORD2085,42.7,usd,2024-09-13
4a3f736e-0e4f-467c-b722-9674ca6b671e,ORD2087,132.85,Usd,2024-09-11
18795bdf-8e0f-4cb4-951a-2f5ba6c509a5,ORD2088,85.05,Usd,2024-09-27
b20ca09f-090d-481e-90ea-6af38bc27881,ORD2089,131.39,Usd,2024-02-03
e2224847-720a-4062-9bc7-8008e5eca2e8,ORD2090,122.16,Usd,2024-03-02
827f12be-453c-4534-bbd6-3950ef5d044d,ORD2091,82.62,Usd,2024-05-29
71f00658-2b76-42b9-9691-f95a24381e0b,ORD2092,182.53,USD,2024-03-17
82a554ce-5f18-4581-b1f8-2787351fb80a,ORD2093,64.46,USD,2024-09-05
1655a209-c84e-4463-adf4-24430d6c138a,ORD2094,60.57,USD,2024-03-30
82421169-4497-4cfc-ab0c-c75e471653ab,ORD2095,93.01,USD,2024-09-20
b962c14a-255a-4da6-9038-01584aa5526c,ORD2096,123.07,Usd,2024-10-18
8effb21b-e791-469f-9d7e-302983ac8608,ORD2097,199.18,usd,2024-01-08
53325690-afb2-4f29-bb34-054b38914217,ORD2099,60.18,usd,2024-03-12
5e72c603-3d5f-4a78-b188-0ba64e4f93c8,ORD2101,107.96,Usd,2024-03-28
0232f340-5ebc-412b-b140-a21e182b5acb,ORD2102,88.04,USD,2024-01-15
ad21ff8e-0904-48a9-b7b0-52242b45c5bb,ORD2103,135.48,usd,2024-02-18
15d7fa84-13ec-4b3b-8c37-46fb787a6db5,ORD2104,181.37,Usd,2024-02-12
cc47abdc-bfc7-4a36-8a38-709d42b10771,ORD2105,140.03,Usd,2024-10-19
0efde51d-0f4a-4d8d-8d1e-343829668f90,ORD2106,105.85,Usd,2024-08-17
e5fd5e49-7f28-419a-9b4c-7b330561518c,ORD2107,180.51,USD,2024-08-15
6c37d6de-cd8f-4c01-86cc-cf55c5c5b08b,ORD2108,148.88,Usd,2024-09-14
3033c84f-4b38-480e-a83d-fa9416373e2d,ORD2109,193.27,Usd,2024-09-17
86617fe5-1208-4ece-8a24-527a4bdfdb81,ORD2111,23.42,Usd,2024-07-23
8575a541-79f6-4f62-a01f-153081b96525,ORD2112,67.78,USD,2024-03-23
a3d7883c-6fc3-4da7-935e-3dbafd94297e,ORD2113,95.75,usd,2024-09-24
6e40d71c-e569-483f-a162-70fa24ef0195,ORD2114,186.15,Usd,2024-08-13
6bf0db24-6dd1-4656-96f0-3d67b5523d82,ORD2115,81.02,USD,2024-10-03
ef5fc022-bdd8-49bb-bcd4-c49e3c05e0c8,ORD2116,164.26,usd,2024-10-03
abe08b02-3c2b-44e8-8fd6-b45d9cbb3013,ORD2118,99.92,USD,2024-04-02
f75fea8f-eca6-4d0a-b988-49f7aa8cb719,ORD2119,82.25,USD,2024-06-02
c5318191-475b-48ee-a9c5-61028546a279,ORD2120,27.39,Usd,2024-02-13
7d0b3718-f042-4faf-9d6a-7f0b0251be1e,ORD2121,107.07,usd,2024-05-18
6688b304-6cfc-4020-bcaf-6b7c70fc174e,ORD2122,123.98,usd,2024-10-13
59a8d7c9-9778-475b-b252-1500f17e1998,ORD2123,38.58,Usd,2024-07-19
bb501d57-1bb0-4d21-aaf9-0e23981b302f,ORD2124,199.82,usd,2024-01-26
a78fe8d2-021e-4379-96d6-87413fa05a90,ORD2125,121.88,USD,2024-03-01
8a8ea748-29b3-41c7-b292-1807ccf63675,ORD2126,160.19,Usd,2024-08-04
23c0fbe1-d493-4481-b531-b7d749aa44cf,ORD2127,91.16,usd,2024-10-09
28482f21-63dd-40f0-8449-d8c23c35c1d6,ORD2128,43.64,usd,2024-10-10
2b73606d-6997-49fe-856d-32ca1dfa14f5,ORD2129,73.33,usd,2024-06-30
245fd457-cade-44e2-840c-bcd4e5a64444,ORD2130,186.89,Usd,2024-07-22
76dd9102-cd73-46ef-be85-119fb6ac9b07,ORD2131,131.6,Usd,2024-08-03
c545e181-6118-424f-a9d7-ca5b99a47530,ORD2132,63.78,Usd,2024-07-11
21e4da39-f21d-4292-93eb-55ed9c09a624,ORD2133,57.24,usd,2024-08-07
353ae967-4e14-4220-b7ed-e896a30f2413,ORD2135,69.35,USD,2024-08-15
f1887bab-066f-4a1b-a035-8fa9bafcf097,ORD2137,29.42,USD,2024-03-22
5144ecf3-3b38-4579-bd8b-11c4fa410865,ORD2138,77.56,USD,2024-07-27
f9e28501-fc5b-4e38-9b04-d205b6460c72,ORD2139,113.88,USD,2024-09-14
ce60f945-7820-4de6-9d4b-6703267e3751,ORD2140,192.43,USD,2024-05-16
0b4193b6-ef15-4d7c-a751-3e3dde7125bb,ORD2141,111.21,Usd,2024-04-26
dd763de6-8d89-430b-9368-1c04f83584cf,ORD2142,177.26,USD,2024-05-12
ecd913b5-0c4f-4e48-9e8a-ec7749b5cae0,ORD2143,38.75,Usd,2024-08-15
08a231d3-42f0-4e89-8b34-3c0b155847ee,ORD2144,22.95,USD,2024-02-02
6895482b-67d1-4191-be44-7a14918e5eaa,ORD2147,31.46,Usd,2024-05-07
b68f9bd3-2e76-4f27-bf29-570d26c8f7f1,ORD2148,153.54,Usd,2024-03-24
8dd12c20-767a-4bbf-812b-6a3e266b62de,ORD2149,175.9,Usd,2024-07-27
f94701b7-106a-4bf1-9a96-4709967721fb,ORD2150,50.54,Usd,2024-07-27
4f64fab0-a498-47b6-a797-ca20e202f3fd,ORD2151,74.93,USD,2024-01-23
06fbac46-14f9-4536-9f3a-0e095cf16ff2,ORD2152,71.03,Usd,2024-02-18
eb9cbc11-c249-4b4c-9b31-a5d45dd66468,ORD2153,158.15,Usd,2024-01-12
49deb15b-11fd-4484-9a19-e9fec9dcb327,ORD2154,78.46,usd,2024-06-03
92297cdf-b8c0-418a-aa35-21134792b2e5,ORD2155,59.81,Usd,2024-02-19
50200dcb-85e2-4965-b1e0-4a86bed11a70,ORD2156,133.55,USD,2024-05-28
9c7767e3-e93f-4532-b2bc-638783752040,ORD2157,159.66,usd,2024-07-24
a24cc1e3-32f6-437d-86b3-1dd575672aaf,ORD2158,99.31,Usd,2024-09-04
833953a6-06e5-44e7-85e3-e1287f922823,ORD2159,186.96,USD,2024-09-21
3243247e-c7d8-46cf-88ce-bc2413bc049a,ORD2160,59.15,Usd,2024-10-20
4aa0c737-32e4-4892-823b-135422b3a991,ORD2161,129.79,Usd,2024-10-04
40eb13e0-d52f-4169-b7e3-26e261bb258b,ORD2162,148.6,usd,2024-08-24
f7f26860-2a10-4493-8fa5-7531bce20e45,ORD2163,37.64,usd,2024-02-10
ede7d103-880f-48d0-86f4-a46887004f45,ORD2164,88.6,USD,2024-04-25
b112e7d7-84fe-45ee-9dda-ffbed2d891f6,ORD2165,128.28,usd,2024-07-11
42c73e8f-7eec-428a-8278-e4505e65e38e,ORD2166,113.72,Usd,2024-10-02
952fe9e1-17f9-48db-919a-bf5a2f831e29,ORD2167,183.88,Usd,2024-10-24
dc7124c6-56bd-4ac6-ac04-2f7278751e43,ORD2168,127.52,usd,2024-06-08
817076b9-263f-4dad-bbd7-bc584bae7916,ORD2169,82.42,usd,2024-02-16
a36890f2-4b94-4547-a0f2-64d7c72f8564,ORD2170,121.79,usd,2024-01-26
95e0eb27-f5d7-4a01-a8fa-eef09ac9f7fa,ORD2171,126.6,Usd,2024-04-02
c40d4688-1246-4668-b14c-b30a98ebe9c4,ORD2173,100.77,usd,2024-05-06
2465adda-5ded-4323-a84a-7a212f30b03d,ORD2174,82.48,Usd,2024-01-23
14d50ebe-5534-438e-bc85-ea8e0c62d5b7,ORD2175,23.37,USD,2024-08-04
d88c8dfe-3883-4965-95f3-55c4fa2d8d2a,ORD2176,21.75,Usd,2024-10-02
8cd8faf1-8c8b-4009-93e4-ff5ec742513e,ORD2177,115.5,usd,2024-04-16
f1703ab3-c9cb-424c-8be1-e21e3bc96ca4,ORD2178,57.23,Usd,2024-03-05
f602ab62-3c1e-4106-bfa4-9f62d2f1506c,ORD2179,120.06,usd,2024-07-09
afa2965d-06e2-4fab-a870-9bd9de6d010d,ORD2180,82.01,USD,2024-01-26
84ddb2eb-d206-4167-b747-d874f7846607,ORD2182,118.76,USD,2024-06-01
c622b703-a631-4257-9458-486c98274e8b,ORD2183,120.27,USD,2024-01-25
c7735707-7d8c-4c8b-8af9-8f246d4cb51b,ORD2184,81.5,usd,2024-05-20
6396af74-0308-4fb8-9d02-17eeba8b8b0c,ORD2185,150.71,Usd,2024-08-10
07aacaac-eb61-41a7-ac09-81351cc1cbb6,ORD2186,87.99,usd,2024-08-11
d599391d-12b0-44f3-8f9d-a73340bdd8e7,ORD2187,12.73,usd,2024-06-10
0cc38e6a-bc2a-45b5-93d2-1f834ceec803,ORD2188,79.2,usd,2024-06-23
a7c2702f-db01-445e-af52-a9e3e5c072ad,ORD2189,15.54,usd,2024-06-06
7ef9167a-af13-4156-96ce-1d7e5828f4fd,ORD2190,193.3,USD,2024-09-16
7aad04a2-6aa6-4137-9313-5a6b8f9be923,ORD2191,15.49,USD,2024-05-04
e91cbc89-40e6-489b-9ed2-ed1a89cf5c26,ORD2192,80.21,usd,2024-07-14
24173a47-2d67-404b-9f74-bb13eca43fc2,ORD2193,172.31,USD,2024-08-02
85807ab4-0405-440d-a6d4-f65b7512de88,ORD2194,64.95,USD,2024-07-22
47e37a8a-b6e8-485e-904c-7a74c5467c07,ORD2195,124.69,usd,2024-04-27
c98a3b7c-ef00-4711-ac79-bfaf77f94195,ORD2196,11.74,Usd,2024-08-05
529cc054-a229-411e-afe0-6fac9d5dac72,ORD2197,45.48,USD,2024-03-18
c915d39a-492a-4542-9ce9-116d05348b06,ORD2198,193.02,usd,2024-08-07
857aaf53-65ac-4690-8f95-e167ccdbd742,ORD2199,100.89,Usd,2024-08-30
d0604094-c776-4d7c-8f11-2320c7e1008e,ORD1172,180.61,usd,2024-03-02
468dd57b-e6b9-4c61-9990-fb6db8a310f7,ORD1039,116.76,USD,2024-03-24
6688b304-6cfc-4020-bcaf-6b7c70fc174e,ORD2122,123.98,usd,2024-10-13
d19c2757-bdba-412a-bdbc-da99891d045a,ORD1411,47.3,Usd,2024-07-15
d9dd94b5-90b9-4530-ae5b-75e7b2f1cbea,ORD1117,89.23,USD,2024-06-16
f5579a3c-fa4c-4be9-b0b3-aa44523ec123,ORD1199,15.68,usd,2024-08-09
43c548c9-a078-43da-ad7e-db1f2d37e5e4,ORD1700,40.13,USD,2024-08-02
c87a124f-0199-4ae3-a049-bbff562d65be,ORD1824,186.82,USD,2024-06-25
96ed0b56-d5f0-44fd-aa7d-a78412b56346,ORD1882,111.11,Usd,2024-09-25
84644054-9892-4ebf-85fe-8de4b5852e43,ORD2001,118.4,USD,2024-01-12
644e1b70-048a-4635-b87c-0c35a5da2a0f,ORD1251,83.75,Usd,2024-01-25
af138863-33d2-4268-aba3-e19ff6f04da4,ORD1386,122.18,Usd,2024-03-12
9433d342-1b40-4a1a-b897-88eb1fdfc540,ORD1994,50.01,Usd,2024-07-09
2de91966-8f1c-4ba7-99c1-10bf7d1af390,ORD1465,132.42,Usd,2024-10-09
48b1f5b0-a9b7-459e-be96-307b908d140f,ORD1522,75.0,Usd,2024-09-30
